Data wystawienia;Kontrahent;Przych�d;Rozch�d
22.12.2020;WSP�LNOTA MIESZKANIOWA JUTRZENKI 9;0;1
10.12.2020;ABM alarm Jan Kalin;0;16
08.12.2020;D+H Polska Sp. z o.o.;0;10
23.11.2020;"Wsp�lnota Mieszkaniowa ""Ro�linna""";0;3
23.11.2020;"Wsp�lnota Mieszkaniowa ""Marka H�aski 3""";0;3
23.11.2020;"Wsp�lnota Mieszkaniowa ""Marka H�aski 1""";0;5
23.11.2020;WM PRZY UL. KOMUNY PARYSKIEJ 56;0;1
20.11.2020;WM UL.A.FREDRY 65,65A,65B,65C,65D,67 ;0;6
19.11.2020;Zesp� Szk� Nr 3 we Wroc�awiu;0;11
04.11.2020;Cargilll Poland Sp. z o.o. Oddzia� w Bielanach Wr;0;5
28.10.2020;WM ul. Rodzinna 23-23C, ul. Przyja�ni 52-64A Wroc�;0;2
23.10.2020;Zesp� Szk� Nr 3 we Wroc�awiu;0;3
08.10.2020;TOP-DESIGN CHWASZCZYNO;58;0
06.10.2020;W&W NIERUCHOMO�CI I.M. WOJTU� Sp�ka Jawna;0;1
06.10.2020;W.P.B.M. M�J DOM SA;0;12
29.09.2020;TOP-DESIGN CHWASZCZYNO;102;0
28.09.2020;HIRSCH POROZELL Sp. z o.o.;0;2
28.09.2020;KAUFLAND POLSKA MARKETY Sp. z o.o. Sp.k.;0;3
28.09.2020;KAUFLAND POLSKA MARKETY Sp. z o.o. Sp.k.;0;3
21.09.2020;WSP�LNOTA MIESZKANIOWA PRZU UL. KRZYCKIEJ 92 BCD ;0;1
21.09.2020;WSP�LNOTA MIESZKANIOWA PRZU UL. KRZYCKIEJ 92 BCD ;0;5
29.06.2020;Cargilll Poland Sp. z o.o. Oddzia� w Bielanach Wr;0;15
19.06.2020;Forum Zarz�dzanie Nieruchomo�ciami sp.j.;0;3
19.06.2020;Forum Zarz�dzanie Nieruchomo�ciami sp.j.;0;2
03.03.2020;S�D REJONOWY DLA WROC�AWIA-FABRYCZNEJ;0;1
21.02.2020;KAUFLAND POLSKA MARKETY Sp. z o.o. Sp.k.;0;4
20.02.2020;Zesp� Szk� Nr 3 we Wroc�awiu;0;4
14.02.2020;SEKA S.A.;0;1
23.01.2020;WSP�LNOTA MIESZKANIOWA  CENTAURIS 3;0;2
22.01.2020;"Wroc�awskie Zak�ady Zielarskie ""Herbapol"" SA ";0;1
23.12.2019;"WSP�LNOTA MIESZKANIOWA ""ZIELONE ZACISZE""";0;1
23.12.2019;"WSP�LNOTA MIESZKANIOWA ""ZIELONE ZACISZE""";0;3
23.12.2019;WM UL.STAB�OWICKA 98-110 WROC�AW;0;1
13.12.2019;WM UL.GERBEROWA 14,14A,16,18 WE WROC�AWIU;0;3
09.12.2019;WM MALOWNICZA 24A 24B, 24C, 24D;0;4
09.12.2019;WM MALOWNICZY ZAK�TEK 1, WYSOKA;0;3
04.12.2019;BFF INVESTMENTS POLSKA SP. z o.o.;0;8
02.12.2019;ULTRANET Sp. z o.o.;0;9
28.11.2019;WSP�LNOTA MIESZKANIOWA MALOWNICZA 2, WYSOKA;0;1
27.11.2019;Top Design Sp�ka z o.o.;20;0
19.11.2019;WM  UL S.JARACZA 37,37A,37B,37C,37D,37E,37G,37P ;0;7
18.11.2019;Top Design Sp�ka z o.o.;80;0
14.11.2019;KALIATZI & GRA�EK Sp. z o.o.;0;1
14.11.2019;KALIATZI & GRA�EK Sp. z o.o.;0;1
13.11.2019;Komenda Wojew�dzka Pa�stwowej Stra�y Po�arnej;0;1
08.11.2019;DS Smith Polska sp. z o.o.;0;21
07.11.2019;Top Design Sp�ka z o.o.;50;0
05.11.2019;Zesp� Szk� Nr 3 we Wroc�awiu;0;8
31.10.2019;Wsp�lnota Mieszkaniowa Przy ul. P�o�skiego 7-9;0;1
31.10.2019;WSP�LNOTA MIESZKANIOWA �LEPA 7;0;2
16.10.2019;Gmina �migr�d;0;1
07.10.2019;STOWARZYSZENIE KATOLICKI RUCH ANTYNARKOTYCZNY;0;4
20.09.2019;Top Design Sp�ka z o.o.;40;0
16.09.2019;Top Design Sp�ka z o.o.;70;0
03.09.2019;ROBERT BURSZEWSKI;0;2
03.09.2019;"Przedszkole nr 56 ""Niezapominajka""";0;5
30.08.2019;ENERGOPIAST  sp. zoo;0;2
27.08.2019;Zesp� Szk� Nr 3 we Wroc�awiu;0;9
09.08.2019;W.P.B.M. M�J DOM SA;0;21
30.07.2019;I2 Development Sp. z o.o. Pi�kna Sp.k.;0;6
29.07.2019;Top Design Sp�ka z o.o.;60;0
26.07.2019;KORFANTOWSKIE PRZEDSI�BIORSTWO BUDOWLANE ;0;48
19.07.2019;Silkbau Sp. z o.o.;0;8
16.07.2019;Zesp� Elekrociep�owni Wroc�awskich KOGENERACJA S.;0;55
05.07.2019;Wsp�lnota Mieszkaniowa Promenady Wroc�awskie II;0;1
14.06.2019;Forum Zarz�dzanie Nieruchomo�ciami sp.j.;0;3
31.05.2019;"MINI-BROWAR ""SPI�"" Arkadiusz Spi�";0;1
30.05.2019;Top Design Sp�ka z o.o.;60;0
23.05.2019;Sportowa Szko�a Podstawowa Nr 72;0;2
30.04.2019;Wsp�lnota Mieszkaniowa ul. �liczna 7 - 7a;0;2
30.04.2019;Wsp�lnota Mieszkaniowa ul. �liczna 5 - 5b;0;2
30.04.2019; Wsp�lnota Mieszkaniowa Al. Armii Krajowej 2 - 2a;0;2
26.04.2019;Forum Zarz�dzanie Nieruchomo�ciami sp.j.;0;2
26.04.2019;ESV S.A.;0;6
17.04.2019; Europegaz Andrzej Fr�ckowiak ;0;4
09.04.2019;S�D REJONOWY DLA WROC�AWIA-FABRYCZNEJ;0;3
01.04.2019;"Przedszkole Nr 57 ""Ma�y Ksi���""";0;1
20.03.2019;KAUFLAND POLSKA MARKETY Sp. z o.o. Sp.k.;0;3
19.03.2019;Cargilll Poland Sp. z o.o. Oddzia� w Bielanach Wr;0;2
07.03.2019;BFF INVESTMENTS POLSKA SP. z o.o.;0;11
05.03.2019;ATRIUM DOMINIKA�SKA Sp. z o.o.;0;18
28.02.2019;Wsp�lnota Mieszkaniowa ul. Kubali 10-16;0;4
28.02.2019;Przedszkole Nr 54 Pod kasztanami;0;4
07.02.2019;Telecommunications Operations & Service ;0;1
22.01.2019;ZONA ADA BIELECKA, POLE DANCE COSTUMES;0;1
22.01.2019;VRATISLAVIENSIS HELP SP. Z O.O. ;0;13
22.01.2019;VITO VERGELIS Sp. z o.o.;0;4
22.01.2019;Piotr Walus;0;5
18.01.2019;Top Design Sp�ka z o.o.;70;0
14.01.2019;Powiatowy Zesp� Szk� im.Jana Paw�a II;0;2
08.01.2019;Top Design Sp�ka z o.o.;18;0
28.12.2018;Kemipol Sp. z o.o.;0;11
14.12.2018;Komenda Wojew�dzka Pa�stwowej Stra�y Po�arnej;0;37
14.12.2018;Komenda Wojew�dzka Pa�stwowej Stra�y Po�arnej;0;11
07.12.2018;Specjalny O�rodek Szkolo-Wychowawczy Nr 10;0;6
27.11.2018;Wsp�lnota Mieszkaniowa ul. Krzycka 83,83a,83b,83c,;0;3
27.11.2018;Wsp�lnota Mieszkaniowa ul. Krzycka 83,83a,83b,83c,;0;1
27.11.2018;Wsp�lnota Mieszkaniowa �Oprovo�;0;2
16.11.2018;KAUFLAND POLSKA MARKETY Sp. z o.o. Sp.k.;0;1
15.11.2018;Wsp�lnota Mieszkaniowa Mi�dzyg�rska 18;0;2
07.11.2018;Wsp�lnota Lokalowo-Mieszkaniowa Rynek 60 Wroc�aw;0;4
31.10.2018;BWA Wroc�aw Galerie Sztuki Wsp�czesnej;0;1
29.10.2018;"Wsp�lnota Mieszkaniowa ""Strzegomska 42""";0;1
08.10.2018;KFB ACOUSTICS Sp. z o.o.;0;2
05.10.2018;Legnicka 72 SP ZOO;0;2
03.10.2018;Zesp� Szk� Nr 3 we Wroc�awiu;0;2
20.09.2018;Zesp� Szk� Gastronomicznych;0;4
18.09.2018;Szko�a Podtstawowa nr 77 im. T.R�ewicza;0;11
03.09.2018;" Przedszkole Nr 94 ""Plastusiowy Domek""";0;4
03.09.2018;TOPACZ INVESTMENTS Sp. z o.o.;0;1
28.08.2018;ARCHEM Sp. z o.o.;0;10
17.08.2018;Przedsi�biorstwo Produkcyjno-Handlowe Jan W�jcik;0;1
07.08.2018;Kemipol Sp. z o.o.;0;1
06.08.2018;KORFANTOWSKIE PRZEDSI�BIORSTWO BUDOWLANE ;0;25
03.08.2018;Zesp� Elekrociep�owni Wroc�awskich KOGENERACJA S.;0;5
03.08.2018;Zesp� Elekrociep�owni Wroc�awskich KOGENERACJA S.;0;25
20.07.2018;Cargilll Poland Sp. z o.o. Oddzia� w Bielanach Wr;0;15
20.07.2018;Cargilll Poland Sp. z o.o. Oddzia� w Bielanach Wr;0;25
06.07.2018;ULTRANET Sp. z o.o.;0;1
04.07.2018;CONSBUD Sp. z o.o.;0;4
04.07.2018;Top Design Sp�ka z o.o.;20;0
03.07.2018;KAUFLAND POLSKA MARKETY Sp. z o.o. Sp.k.;0;3
06.06.2018;STARKAM S.J, Szpotowicz,So�tysiak;3;0
06.06.2018;W.P.B.M. M�J DOM SA;0;3
04.06.2018;WM PRZY UL. JANA PAW�A II 1,3,5,7 SIECHNICE;0;4
04.06.2018;ARBAR Sp. z o.o.;0;7
04.06.2018;Top Design Sp�ka z o.o.;20;0
21.05.2018;W.P.B.M. M�J DOM SA;0;5
14.05.2018;ULTRANET Sp. z o.o.;0;24
18.04.2018;ULTRANET Sp. z o.o.;0;4
18.04.2018;ULTRANET Sp. z o.o.;0;1
10.04.2018;BFF INVESTMENTS POLSKA SP. z o.o.;0;16
10.04.2018;BFF INVESTMENTS POLSKA SP. z o.o.;0;4
10.04.2018;Cargilll Poland Sp. z o.o. Oddzia� w Bielanach Wr;0;1
10.04.2018;Zesp� Szkolno-Przedszkolny nr 2;0;1
30.03.2018;"W�ODZIMIERZ U�ASIEWICZ ""ARYS"" ";0;2
27.03.2018;Cargilll Poland Sp. z o.o. Oddzia� w Bielanach Wr;0;12
27.03.2018;Cargilll Poland Sp. z o.o. Oddzia� w Bielanach Wr;0;4
20.03.2018;Zesp� Elekrociep�owni Wroc�awskich KOGENERACJA S.;0;21
19.03.2018;BROEL  sp�ka jawna B.SROCZY�SKA, U.BIA�ASZCZYK ;0;4
14.03.2018;S2P Sp. z o.o.;0;2
22.02.2018;KAUFLAND POLSKA MARKETY Sp. z o.o. Sp.k.;0;2
07.02.2018;Top Design Sp�ka z o.o.;20;0
06.02.2018;D+H Polska Sp. z o.o.;0;46
02.02.2018;Top Design Sp�ka z o.o.;20;0
29.01.2018;UNI-TRUCK SP. Z O.O. Oddzia� Wroc�aw;0;6
11.01.2018;Szko�a Podstawowa nr 77 im. Tadeusza R�ewicza;0;1
21.12.2017;FHU Miros�aw Kuriata;0;1
20.12.2017;DEVCO Sp. z o.o.;0;2
13.12.2017;Eureka zarz�dzanie Nieruchomo�ciami Sp. z o.o.;0;4
29.11.2017;"Wsp�lnota Mieszkaniowa ""Przyja��""";0;2
29.11.2017;DEVCO Sp. z o.o.;0;5
22.11.2017;KAUFLAND POLSKA MARKETY Sp. z o.o. Sp.k.;0;2
20.11.2017;Zesp� Elekrociep�owni Wroc�awskich KOGENERACJA S.;0;3
10.11.2017;Szko�a Podstawowa nr 1 im. Miko�aja Kopernika;0;8
06.11.2017;ROBERT BURSZEWSKI;0;2
31.10.2017;D+H Polska Sp. z o.o.;0;16
26.10.2017;D+H Polska Sp. z o.o.;0;2
26.10.2017;D+H Polska Sp. z o.o.;0;6
24.10.2017;Top Design Sp�ka z o.o.;40;0
24.10.2017;Kotlarska 42 S.C.;0;6
16.10.2017;Top Design Sp�ka z o.o.;200;0
10.10.2017;ULTRANET Sp. z o.o.;0;5
10.10.2017;Cargilll Poland Sp. z o.o. Oddzia� w Bielanach Wr;0;4
05.10.2017;Zesp� Szk� Nr 18;0;6
27.09.2017;Przedsi�biorstwo Budowlane SAWREM sp.c Danuta Sawi;0;8
19.09.2017;Zesp� Elekrociep�owni Wroc�awskich KOGENERACJA S.;0;5
19.09.2017;Zesp� Elekrociep�owni Wroc�awskich KOGENERACJA S.;0;95
14.09.2017;Top Design Sp�ka z o.o.;140;0
31.08.2017;SEKA S.A.;0;8
24.08.2017;D+H Polska Sp. z o.o.;0;24
24.08.2017;Gimnazjum Nr 15 im. Profesor�w Lwowskich;0;1
16.08.2017;D+H Polska Sp. z o.o.;0;2
16.08.2017;D+H Polska Sp. z o.o.;0;7
28.07.2017;D+H Polska Sp. z o.o.;0;6
26.07.2017;WOO TO GO J�DRASIAK BARTOSZ;0;2
26.07.2017;WOO TO GO J�DRASIAK BARTOSZ;0;1
26.07.2017;KORFANTOWSKIE PRZEDSI�BIORSTWO BUDOWLANE ;0;2
26.07.2017;"Wsp�lnota Mieszkaniowa Ul. Rydygiera 14-16; Brodat";0;4
20.07.2017;ATM System;0;9
19.07.2017;Szko�a J�zyk�w Obcych LEKTOR W.Myszkowska, ;0;1
06.07.2017;ULTRANET Sp. z o.o.;0;3
06.07.2017;ULTRANET Sp. z o.o.;0;2
06.07.2017;ULTRANET Sp. z o.o.;0;5
06.07.2017;ULTRANET Sp. z o.o.;0;28
03.07.2017;ULTRANET Sp. z o.o.;0;17
03.07.2017;ULTRANET Sp. z o.o.;0;1
03.07.2017;DS Smith Polska sp. z o.o.;0;1
30.06.2017;SEKA S.A.;0;5
29.06.2017;Top Design Sp�ka z o.o.;20;0
27.06.2017;Robert Bosch Sp. z o.o. ;0;2
16.06.2017;"UCZNIOWSKI KLUB SPORTOWY ""�EGLARZ""";0;6
13.06.2017;Top Design Sp�ka z o.o.;80;0
05.06.2017;Top Design Sp�ka z o.o.;40;0
02.06.2017;Zesp� Elekrociep�owni Wroc�awskich KOGENERACJA S.;0;40
31.05.2017;Wsp�lnota Mieszkaniowa ROYAL APARTAMENTS;0;5
18.05.2017;Zesp� Szk� Nr 7;0;2
17.05.2017;Match Point M.W.Matyja Sp. j.;0;2
10.05.2017;Szko�a Podstawowa Nr 109 im. Edwarda Dembowskiego;0;1
09.05.2017;KAUFLAND POLSKA MARKETY Sp. z o.o. Sp.k.;0;1
27.04.2017;Zesp� Szk� Ponadgimnazjalnych Nr 2 im. Zjednocz;0;3
19.04.2017;Zesp� Elekrociep�owni Wroc�awskich KOGENERACJA S.;0;3
24.03.2017;D+H Polska Sp. z o.o.;0;4
20.03.2017;EBS Ink-Systems Poland Sp. z o.o.;0;4
20.03.2017;"C. BOROWIECKI, R. GIL ""BGM MOLYDAL"" SPӣKA JAWNA";0;2
08.03.2017;"Przedszkole Nr 57 ""Ma�y Ksi���""";0;4
01.03.2017;KAUFLAND POLSKA MARKETY Sp. z o.o. Sp.k.;0;1
28.02.2017;PRYWATNE GIMNAZJUM SALEZJA�SKIE im. �w.Edyty Stein;0;4
30.01.2017;WSP�LNOTA MIESZKANIOWA PRZY UL.M. REJA 71-77;0;2
24.01.2017;BFF INVESTMENTS POLSKA SP. z o.o.;0;1
20.01.2017;AWBUD S.A.;0;3
20.01.2017;GMINA WROC�AW;0;3
19.01.2017;FK Bau Kwiatkowska;0;2
19.01.2017;Top Design Sp�ka z o.o.;80;0
18.01.2017;D+H Polska Sp. z o.o.;0;21
12.01.2017;UNI-TRUCK SP. Z O.O. Oddzia� Wroc�aw;0;1
10.01.2017;MIR Energia Bogus�aw Tatomir;0;2
04.01.2017;"ZUH ""REM K�PNO"" - Sp. z o.o.";0;12
27.12.2016;"ZUH ""REM K�PNO"" - Sp. z o.o.";0;2
22.12.2016;Szko�a Podstawowa Nr 73;0;8
12.12.2016;Zesp� Elekrociep�owni Wroc�awskich KOGENERACJA S.;0;22
12.12.2016;Zesp� Elekrociep�owni Wroc�awskich KOGENERACJA S.;0;24
06.12.2016;Top Design Sp�ka z o.o.;20;0
29.11.2016;Radio Wroc�aw S.A.;0;4
21.11.2016;Misztal Stanis�awa;0;2
18.11.2016;D+H Polska Sp. z o.o.;0;3
17.11.2016;KAUFLAND POLSKA MARKETY Sp. z o.o. Sp.k.;0;4
09.11.2016;Top Design Sp�ka z o.o.;110;0
31.10.2016;KAUFLAND POLSKA MARKETY Sp. z o.o. Sp.k.;0;4
26.10.2016;PZ� ZG Warszawa Zarz�d Okr�gowy Wroc�aw;0;2
24.10.2016;Wroc�awskie Przedsiebiorstwo Budowlane Sp. z o.o.;0;2
14.10.2016;PSI - Projektowanie System�w Informatycznych - Bol;0;9
11.10.2016;Wsp�lnota Mieszkaniowa � JUTRZENKI 19-19A-19B�;0;3
11.10.2016;Wroc�awskie Przedsiebiorstwo Budowlane Sp. z o.o.;3;0
11.10.2016;Zesp� Szk� Nr 3 we Wroc�awiu;0;42
03.10.2016;BWA Wroc�aw Galerie Sztuki Wsp�lczesnej;0;1
03.10.2016;BWA Wroc�aw Galerie Sztuki Wsp�lczesnej;0;2
22.09.2016;Wroc�awskie Przedsiebiorstwo Budowlane Sp. z o.o.;0;3
21.09.2016;NICROMETAL SPӣKA AKCYJNA;0;6
12.09.2016;Zesp� Elekrociep�owni Wroc�awskich KOGENERACJA S.;0;29
12.09.2016;Zesp� Elekrociep�owni Wroc�awskich KOGENERACJA S.;0;1
09.09.2016;Top Design Sp�ka z o.o.;80;0
05.09.2016;Zesp� Elekrociep�owni Wroc�awskich KOGENERACJA S.;0;20
31.08.2016;Cargilll Poland Sp. z o.o. Oddzia� w Bielanach Wr;0;5
23.08.2016;Zesp� Elekrociep�owni Wroc�awskich KOGENERACJA S.;0;5
18.08.2016;"WSP�LNOTA MIESZKANIOWA ""ZIELONY SZELEST""";0;14
16.08.2016;Szko�a Podstawowa Nr 80 im. Tysi�clecia Wroc�awia;0;6
28.07.2016;AVENIR MEDICAL SPӣKA Z OGRANICZON� ;0;2
26.07.2016;Wsp�lnota Mieszkaniowa Samborska 28,30 Rakietowa 4;0;4
20.07.2016;Top Design Sp�ka z o.o.;40;0
19.07.2016;KAUFLAND POLSKA MARKETY Sp. z o.o. Sp.k.;0;3
06.07.2016;WOO TO GO J�DRASIAK BARTOSZ;0;1
21.06.2016;CIECH-PO� Piotr Ciesielski;0;3
21.06.2016;Zesp� Szk� Nr 18;0;15
17.06.2016;ZACZAROWANA KRAINA KLUB MALUCHA AGATA;0;1
16.06.2016;Top Design Sp�ka z o.o.;130;0
08.06.2016;Zesp� Elekrociep�owni Wroc�awskich KOGENERACJA S.;0;9
08.06.2016;Wsp�lnota Mieszkaniowa;0;2
06.06.2016;TRACK TEC CONSTRUCTION Sp. z o.o.;0;6
19.05.2016;Wsp�lnota Mieszkaniowa ul. Sezamkowa 8-24;0;3
17.05.2016;Zesp� Szk� Nr 7;0;1
13.05.2016;KAUFLAND POLSKA MARKETY Sp. z o.o. Sp.k.;0;2
29.04.2016;ZESPӣ SZKӣ PONADGIMNAZJALNYCH WE WROC�AWIU;0;8
27.04.2016;Zesp� Szkolno-Przedszkolny nr 7;0;1
25.04.2016;KAUFLAND POLSKA MARKETY Sp. z o.o. Sp.k.;0;2
22.04.2016;Wsp�lnota Mieszkaniowa ul. �ubinowa 1d-1g,3-3a;0;3
15.04.2016;"WSP�LNOTA MIESZKANIOWA ""S�ONECZNY O�TASZYN III""";0;2
13.04.2016;D+H Polska Sp. z o.o.;0;10
31.03.2016;Cargilll Poland Sp. z o.o. Oddzia� w Bielanach Wr;0;6
25.03.2016;Zesp� Elekrociep�owni Wroc�awskich KOGENERACJA S.;0;25
25.03.2016;Zesp� Elekrociep�owni Wroc�awskich KOGENERACJA S.;0;4
17.03.2016;Gimnazjum Nr 4 im. Ojca �wi�tego Jana Paw�a II;0;2
11.03.2016;Zesp� Elekrociep�owni Wroc�awskich KOGENERACJA S.;0;3
11.03.2016;D+H Polska Sp. z o.o.;0;2
24.02.2016;"ZAK�AD ROLNICZO - PRZEMYS�OWY ""FARMUTIL HS";0;1
24.02.2016;Top Design Sp�ka z o.o.;15;0
23.02.2016;W.P.B.M. M�J DOM SA;0;18
22.02.2016;Zesp� Elekrociep�owni Wroc�awskich KOGENERACJA S.;0;10
22.02.2016;Zesp� Elekrociep�owni Wroc�awskich KOGENERACJA S.;0;19
11.02.2016;"MINI-BROWAR ""SPI�"" Arkadiusz Spi�";0;4
08.02.2016;KACZMARSKI INKASSO Ma�gorzata Kaczmarski;0;2
05.02.2016;ULTRANET Sp. z o.o.;0;7
29.01.2016;WM PRZY UL.OSTRZESZOWSKIEJ 28/30 ;0;2
29.01.2016;WM WROC�AW UL.KAMIE�SKIEGO 152-162 A,B;0;2
29.01.2016;WSP�LNOTA MIESZKANIOWA PRZY UL. SKARBOWC�W 121A,;0;2
29.01.2016;Przedszkole Nr 79;0;3
28.01.2016;Top Design Sp�ka z o.o.;20;0
28.01.2016;FUNDACJA ZAMKU PIAST�W �L�SKICH;0;9
28.01.2016;"Zak�ad Og�lnobudowlany ""BOR-BUD"" Sp. z o.o. Sp.k.";0;7
13.01.2016;ARMA BIS s.c. Maciej Felszy�ski, Arkadiusz Machij;0;1
30.12.2015;CLARENA Sp. z o.o Sp.K. ;0;4
22.12.2015;Detal Centrum sp. z o.o.;0;1
15.12.2015;TOI-TOI Polska Sp. z o.o.;0;4
14.12.2015;Szko�a Podstawowa Nr 1 im.Marii D�browskiej;0;5
14.12.2015;Skanska S.A. ;0;1
14.12.2015;P.A. NOVA S.A.;0;2
11.12.2015;DEVCO Sp. z o.o.;0;1
11.12.2015;DEVCO Sp. z o.o.;0;9
11.12.2015;DOMMARK INVEST Sp. z o.o. Sp. K.A.;0;2
10.12.2015;WSP�LNOTA MIESZKANIOWA APARTAMENTY STRZEGOMSKA;0;9
10.12.2015;ZESPӣ ZARZ�DC�W NIERUCHOMO�CI Sp. z o.o.;0;7
09.12.2015;Wsp�lnota Nieruchomo�ci TEMIDA;0;1
03.12.2015;Wsp�lnota Mieszkaniowa Siostrzana 2-8;0;3
02.12.2015;Top Design Sp�ka z o.o.;50;0
01.12.2015;Zesp� Szk� Nr 7;0;5
25.11.2015;Zesp� Elekrociep�owni Wroc�awskich KOGENERACJA S.;0;1
25.11.2015;Zesp� Elekrociep�owni Wroc�awskich KOGENERACJA S.;0;20
25.11.2015;KORFANTOWSKIE PRZEDSI�BIORSTWO BUDOWLANE ;0;1
25.11.2015;KORFANTOWSKIE PRZEDSI�BIORSTWO BUDOWLANE ;0;12
20.11.2015;"FUNDACJA O�WIATOWA ""EKOLA""";0;2
19.11.2015;KAUFLAND POLSKA MARKETY Sp. z o.o. Sp.k.;0;1
05.11.2015;MINI WORLD JOWITA HYDZIK, JOANNA WASZCZAK S.C.;0;3
30.10.2015;FEB-EKO Sp. z o.o.;0;1
30.10.2015;FEB-EKO Sp. z o.o.;0;1
30.10.2015;KORFANTOWSKIE PRZEDSI�BIORSTWO BUDOWLANE ;0;8
28.10.2015;Daldehog Poland Sp. z o.o.;0;4
22.10.2015;Szko�a Podstawowa;0;5
21.10.2015;"Przedsi�biorstwo Budowlano-Projektowe ""MAT""";0;4
21.10.2015;W.P.B.M. M�J DOM SA;0;8
21.10.2015;W.P.B.M. M�J DOM SA;0;6
15.10.2015;Cargilll Poland Sp. z o.o. Oddzia� w Bielanach Wr;0;17
15.10.2015;Cargilll Poland Sp. z o.o. Oddzia� w Bielanach Wr;0;3
13.10.2015;Gimnazjum Nr 15 im. Profesor�w Lwowskich;0;1
22.09.2015;"Publiczne Przedszkole ""Zielona Dolina""";0;1
22.09.2015;"Publiczne Przedszkole ""Zielona Dolina""";0;2
22.09.2015;CEDO Sp�lka z o.o.;0;3
17.09.2015;Gimnazjum Nr 4 im. Ojca �wi�tego Jana Paw�a II;0;2
16.09.2015;Zesp� Szk� Teleinformacyjnych i Elektronicznych;0;10
15.09.2015;Top Design Sp�ka z o.o.;60;0
10.09.2015;Kotlarska 42 S.C.;0;3
09.09.2015;Szko�a Podstawowa;0;4
04.09.2015;Gimnazjum Nr 4 im. Ojca �wi�tego Jana Paw�a II;0;7
31.08.2015;Top Design Sp�ka z o.o.;80;0
31.08.2015;EURO - CONSULTING;0;1
27.08.2015;Wsp�lnota Mieszkaniowa ul. �ubinowa 1d-1g,3-3a;0;1
24.08.2015;Wsp�lnota Mieszkaniowa ul. �liczna 5 - 5b;0;6
24.08.2015;Wsp�lnota Mieszkaniowa ul. �liczna 7 - 7a;0;1
24.08.2015;Wsp�lnota Mieszkaniowa ul. �liczna 7 - 7a;0;3
24.08.2015; Wsp�lnota Mieszkaniowa Al. Armii Krajowej 2 - 2a;0;4
17.08.2015;VT SPӣKA z o.o.;0;1
17.08.2015;KONFLIKT SHOP Aleksandra Utan-Kosi�ska;0;1
13.08.2015;"WSP�LNOTA MIESZKANIOWA ""ZIELONY SZELEST""";0;10
03.08.2015;KALIZEA Polska Sp. z o.o.;0;1
17.07.2015;TRASKO-INWEST Sp z o.o.;0;12
17.07.2015;C.L.A.INVEST Sp. z o.o.;0;1
15.07.2015;FPH MAGNAT sp. j. M.Jarocki, K. D�browski;0;2
09.07.2015;ULTRANET Sp. z o.o.;0;14
25.06.2015;Przedsi�biorstwo Transportowo-Sprz�towe;0;1
24.06.2015;Top Design Sp�ka z o.o.;30;0
22.06.2015;ULTRANET Sp. z o.o.;0;10
22.06.2015;ULTRANET Sp. z o.o.;0;3
16.06.2015;Zesp� Elekrociep�owni Wroc�awskich KOGENERACJA S.;0;4
09.06.2015;ADAMIETZ SPӣKA Z OGRANICZON� ODPOWIEDZIALNO�CI�;0;4
03.06.2015;WSP�LNOTA MIESZKANIOWA PRZY UL.BOR�WKOWEJ 5,7,9 Bi;0;11
30.05.2015;Zesp� Szk� Nr 18;0;2
30.05.2015;SONKO Sp. z o.o.;0;5
25.05.2015;Top Design Sp�ka z o.o.;100;0
22.05.2015;Rzymsko-Katolicka Parafia p.w. Ducha �wi�tego;0;26
18.05.2015;Rzymskokatolicka parafia pw. �w. El�biety;0;15
15.05.2015;Parafia Rzymskokatolicka p.w. �w. Stanis�awa Bpa i;0;3
15.05.2015;ARMA-BIS;0;1
13.05.2015;Szko�a Podstawowa Im.Boles�awa Krzywoustego w Kami;0;1
12.05.2015;W.P.B.M. M�J DOM SA;0;5
12.05.2015;W.P.B.M. M�J DOM SA;0;19
08.05.2015;FILGAZ Joanna Szczesiak;0;1
16.04.2015;FPH MAGNAT sp. j. M.Jarocki, K. D�browski;0;1
30.03.2015;GALERIE HORSZOWSKI Henryk Horszowski;0;1
24.03.2015;Gimnazjum Nr 13 im.Unii Europejskiej;0;3
20.03.2015;Data Techno Park Sp. z o.o. ;0;1
13.03.2015;Archidiecezja Wroc�awska;0;19
13.03.2015;Archidiecezja Wroc�awska;0;9
13.03.2015;Zesp� Elekrociep�owni Wroc�awskich KOGENERACJA S.;0;2
03.03.2015;Zesp� Elekrociep�owni Wroc�awskich KOGENERACJA S.;0;7
02.03.2015;K&J Adam Banda;0;2
20.02.2015;RAFIN Sp. z o.o.;0;6
19.02.2015;Gimnazjum Nr 13 im.Unii Europejskiej;0;1
17.02.2015;KALIZEA Polska Sp. z o.o.;0;3
17.02.2015;PLASTMER Sp. z o.o. Sp.K.;0;6
12.02.2015;DeLaval Operations Sp. z o.o.;0;8
11.02.2015;KAUFLAND POLSKA MARKETY Sp. z o.o. Sp.k.;0;1
11.02.2015;Telecommunications Operations & Service ;0;1
11.02.2015;DEVCO Sp. z o.o.;0;2
19.01.2015;Top Design Sp�ka z o.o.;40;0
16.01.2015;DEVCO Sp. z o.o.;0;17
15.01.2015;PRUFTECHNIK-WIBREM Sp�ka z o.o.;0;4
14.01.2015;Top Design Sp�ka z o.o.;60;0
08.01.2015;AQ89 S.C.;0;2
07.01.2015;Rzymskokatolicka Parafia pw. �w. Micha�a Archanio�;0;2
07.01.2015;Rzymskokatolicka Parafia pw. �w. Micha�a Archanio�;0;2
18.12.2014;Dom Pomocy Spo�ecznej prowadzony przez Zgromadz;0;9
18.12.2014;Cargilll Poland Sp. z o.o. Oddzia� w Bielanach Wr;0;1
15.12.2014;Szko�a Podstawowa Nr 1 im.Marii D�browskiej;0;1
08.12.2014;D+H Polska Sp. z o.o.;0;1
01.12.2014;Dolno�l�ska Agencja Wsp�pracy Gospodarczej Sp. z ;0;5
27.11.2014;Y.A.R.D. SP. Z O.O.;0;1
26.11.2014;Zesp� Elekrociep�owni Wroc�awskich KOGENERACJA S.;0;2
26.11.2014;Zesp� Szk� Nr 3 we Wroc�awiu;0;6
14.11.2014;P.P.H WADEX SA;0;6
13.11.2014;Gimnazjum Nr 4 im. Ojca �wi�tego Jana Paw�a II;0;5
13.11.2014;Gimnazjum Nr 4 im. Ojca �wi�tego Jana Paw�a II;0;2
07.11.2014;"Wsp�lnota Mieszkaniowa ""Przyja�ni 36-38""";0;4
31.10.2014;Przedsi�biorstwo In�ynieryjno-Budowlane Budecon S.;0;1
29.10.2014;Gmina �migr�d;0;3
29.10.2014;Gmina �migr�d;0;7
27.10.2014;KR3 Sp. z o.o.;0;3
27.10.2014;Top Design Sp�ka z o.o.;40;0
24.10.2014;KAUFLAND POLSKA MARKETY Sp. z o.o. Sp.k.;0;1
17.10.2014;BWA Wroc�aw Galerie Sztuki Wsp�lczesnej;0;1
17.10.2014;Top Design Sp�ka z o.o.;60;0
17.10.2014;Przedsi�biorstwo In�ynieryjno-Budowlane Budecon S.;0;2
16.10.2014;"Wsp�lnota Mieszkaniowa ""Rymarska 11-17""";0;4
13.10.2014;DEVCO Sp. z o.o.;0;33
10.10.2014;Top Design Sp�ka z o.o.;40;0
23.09.2014;i2 DEVELOPMENT Sp. z o.o. Przy Arsenale Sp. k;0;7
22.09.2014;Zesp� Elekrociep�owni Wroc�awskich KOGENERACJA S.;0;20
12.09.2014;PGK Sp. z o.o. w Wiszni Ma�ej;0;1
09.09.2014;Gimnazjum Nr 4 im. Ojca �wi�tego Jana Paw�a II;0;6
08.09.2014;Przedszkole Integracyjne Nr 125 im. J.Korczaka;0;1
29.08.2014;Anna Zralko- Augustyn;0;4
28.08.2014;"Przedsi�biorstwo Produkcyjno-Handlowe ""ABET"" Sp. ";0;2
28.07.2014;Top Design Sp�ka z o.o.;80;0
17.07.2014;Europejskie Censtrum Kszta�cenia Stylist�w;0;1
07.07.2014;Przedsi�biorstwo Transportowo-Sprz�towe;0;1
01.07.2014;HANDLOPEX SA;0;3
12.06.2014;TOPACZ INVESTMENT Sp. z o.o.;0;4
09.06.2014;"Stow. pw. MBNP "" Przyjaciele Senior�w """;0;4
03.06.2014;DROP Sp. z o.o.;0;2
12.05.2014;"Centrum Stomatologiczne ""AS-DENT"" Anna Stachurska";0;1
08.05.2014;EkoWodrol Sp. z o.o.;0;3
29.04.2014;Narz�dzia Skrawaj�ce TOOLS Sp. z o.o.;0;3
24.04.2014;i2 DEVELOPMENT Sp. z o.o. Przy Arsenale Sp. k;0;6
24.04.2014;i2 DEVELOPMENT Sp. z o.o. Przy Arsenale Sp. k;0;8
23.04.2014;PKP Energetyka S.A. Oddzia� w Warszawie-Us�ugi ul.;0;2
07.04.2014;Top Design Sp�ka z o.o.;20;0
04.04.2014;KAUFLAND POLSKA MARKETY Sp. z o.o. Sp.k.;0;1
02.04.2014;Sportowa Szko�a Podstawowa Nr 72;0;3
18.03.2014;ULTRANET Sp. z o.o.;0;14
10.03.2014;Szko�a Podstawowa Nr 71 im.Leona Kruczkowskiego;0;2
28.02.2014;KAUFLAND POLSKA MARKETY Sp. z o.o. Sp.k.;0;1
26.02.2014;Leszczy�ski Center S.C.;0;1
25.02.2014;PGK Sp. z o.o. w Wiszni Ma�ej;0;1
18.02.2014;Detal Centrum sp. z o.o.;0;1
13.02.2014;KAUFLAND POLSKA MARKETY Sp. z o.o. Sp.k.;0;1
10.02.2014;Top Design Sp�ka z o.o.;40;0
10.02.2014;Zesp� Elekrociep�owni Wroc�awskich KOGENERACJA S.;0;31
07.02.2014;D+H Polska Sp. z o.o.;0;4
31.01.2014;RYBACKA9 Sp�lka z o.o. Sp�lka K-A;0;13
31.01.2014;Zesp� Szk� Ponadgimnazjalnych Nr 2 im. Zjednocz;0;1
19.12.2013;Surfland Sp. z o.o.S.K.A.;0;4
13.12.2013;DEVCO Sp. z o.o.;0;4
06.12.2013;KAUFLAND POLSKA MARKETY Sp. z o.o. Sp.k.;0;3
03.12.2013;Przedsi�biorstwo In�ynieryjno-Budowlane Budecon S.;0;6
02.12.2013;Miejska i Gminna Biblioteka Publiczna;0;2
22.11.2013;Przedsi�biorstwo Produkcyjno-Handlowe Jan W�jcik;0;1
18.11.2013;Top Design Sp�ka z o.o.;40;0
12.11.2013;Biuro Koordynacji Projektu Ochrony Przeciwpowodzio;0;3
05.11.2013;Przedszkole Zgromadzenia Si�str �w.El�biety;0;13
05.11.2013;Przedszkole Zgromadzenia Si�str �w.El�biety;0;12
02.11.2013;"Przedsi�biorstwo Produkcyjno-Handlowe ""ABET"" Sp. ";0;2
28.10.2013;D+H Polska Sp. z o.o.;0;14
25.10.2013;ZACZAROWANA KRAINA KLUB MALUCHA AGATA;0;5
25.10.2013;"Przedszkole nr 1 ""Planeta U�miechu"" ";0;4
14.10.2013;Szko�a Podstawowa im.Boles�awa Chrobrego ;0;5
11.10.2013;ATM Grupa S.A.;0;1
10.10.2013;"Wsp�lnota Mieszkaniowa ""Poleska 43-47B""";0;1
10.10.2013;Zesp� Szk� Ponadgimnazjalnych Nr 2 im. Zjednocz;0;1
30.09.2013;DEVCO Sp. z o.o.;0;13
30.09.2013;KAUFLAND POLSKA MARKETY Sp. z o.o. Sp.k.;0;9
19.09.2013;MEDINET Sp. z o.o.;0;2
09.09.2013;TOPACZ INVESTMENT Sp. z o.o.;0;1
06.09.2013;Przedszkole Integracyjne Nr 125;0;1
06.09.2013;STOWARZYSZENIE OGR�D WYOBRA�NI LEONARDO ;0;1
05.09.2013;Gimnazjum Nr 4 im. Ojca �wi�tego Jana Paw�a II;0;2
16.08.2013;Skanska S.A. ;0;6
16.08.2013;MARPOL Marcin Stercza�a;0;1
08.08.2013;Top Design Sp�ka z o.o.;5;0
31.07.2013;EKODYNAMIC Sp. z o.o. Sp�ka Komandytowa;0;1
25.07.2013;"Firma Handlowo-Us�ugowa ""Projekt-Bud"" Sp. z o.o.";0;1
21.06.2013;HOUSE RENT MANAGEMENT Sp. z o.o.SKA;0;1
14.06.2013;KAUFLAND POLSKA MARKETY Sp. z o.o. Sp.k.;0;5
14.06.2013;ROTATECH Polska Sp. z o.o.;0;3
06.06.2013;Zak�ad Gospodarki Komunalnej Sp. z o.o.;0;4
31.05.2013;Top Design Sp�ka z o.o.;40;0
28.05.2013;KAUFLAND POLSKA MARKETY Sp. z o.o. Sp.k.;0;1
27.05.2013;Wsp�lnota Mieszkaniowa przy ul. Semaforowej 31-93 ;0;23
27.05.2013;Wsp�lnota Mieszkaniowa przy ul. Semaforowej 31-93 ;0;9
13.05.2013;KAUFLAND POLSKA MARKETY Sp. z o.o. Sp.k.;0;4
13.05.2013;KAUFLAND POLSKA MARKETY Sp. z o.o. Sp.k.;0;1
13.05.2013;KAUFLAND POLSKA MARKETY Sp. z o.o. Sp.k.;0;1
13.05.2013;Top Design Sp�ka z o.o.;60;0
06.05.2013;KAUFLAND POLSKA MARKETY Sp. z o.o. Sp.k.;0;4
25.04.2013;KAUFLAND POLSKA MARKETY Sp. z o.o. Sp.k.;0;1
25.04.2013;KAUFLAND POLSKA MARKETY Sp. z o.o. Sp.k.;0;2
25.04.2013;KAUFLAND POLSKA MARKETY Sp. z o.o. Sp.k.;0;1
25.04.2013;Zesp� Szk� Nr 18;0;2
24.04.2013;Szko�a Podstawowa Nr 46 im.Polskich Olimpijczyk�w;0;10
18.04.2013;KAUFLAND POLSKA MARKETY Sp. z o.o. Sp.k.;0;4
11.04.2013;KAUFLAND POLSKA MARKETY Sp. z o.o. Sp.k.;0;1
25.03.2013;KAUFLAND POLSKA MARKETY Sp. z o.o. Sp.k.;0;1
25.03.2013;Piast Investment Sp�ka z o.o.;0;1
22.03.2013;KAUFLAND POLSKA MARKETY Sp. z o.o. Sp.k.;0;1
22.03.2013;MAMUT Sp. z o.o.;0;5
13.03.2013;Zesp� Szkolno-Przedszkolny Nr 13;0;1
12.03.2013;KAUFLAND POLSKA MARKETY Sp. z o.o. Sp.k.;0;5
12.03.2013;Zesp� Szk� Gastronomicznych;0;2
12.03.2013;Zesp� Elekrociep�owni Wroc�awskich KOGENERACJA S.;0;22
11.03.2013;FAM Grupa Kapita�owa SA;0;2
05.03.2013;PPHU DAPI Adam Piskozub;0;7
21.02.2013;KAUFLAND POLSKA MARKETY Sp. z o.o. Sp.k.;0;1
21.02.2013;KAUFLAND POLSKA MARKETY Sp. z o.o. Sp.k.;0;2
21.02.2013;DOMINVEST Grzegorz Figura;0;3
19.02.2013;Zesp� Szk� Ponadgimnazjalnych;0;6
14.02.2013;D+H Polska Sp. z o.o.;0;4
14.02.2013;Gimnazjum Nr 15;0;4
08.02.2013;Zesp� Szk� Nr 7;0;3
08.02.2013;Zesp� Szk� Nr 7;0;4
08.02.2013;KAUFLAND POLSKA MARKETY Sp. z o.o. Sp.k.;0;2
08.02.2013;KAUFLAND POLSKA MARKETY Sp. z o.o. Sp.k.;0;1
08.02.2013;Top Design Sp�ka z o.o.;80;0
05.02.2013;Zesp� Elekrociep�owni Wroc�awskich KOGENERACJA S.;0;10
05.02.2013;Wsp�lnota Mieszkaniowa przy ul. T�czowej 70-76a;0;4
04.02.2013;Wsp�lnota Mieszkaniowa ul. Zdrowa 18-24, Pochy�a 1;0;1
04.02.2013;Wsp�lnota Mieszkaniowa ul. Pochy�a 7, T�czowa 68;0;4
01.02.2013;Wsp�lnota Mieszkaniowa przy ul.Pochy�ej 9-17;0;4
01.02.2013;"Wsp�lnota Mieszkaniowa ""Odra House""";0;8
01.02.2013;Wsp�lnota Mieszkaniowa ul. Jagie��y 3,5;0;6
01.02.2013;Wsp�lnota Mieszkaniowa ul. Kamie�skiego 55a;0;10
25.01.2013;Wsp�lnota Mieszkaniowa 52-016 Wroc�aw ul.Rybnicka ;0;1
25.01.2013;Top Design Sp�ka z o.o.;45;0
24.01.2013;Wsp�lnota Mieszkaniowa ul. Wietrzna 12-14e;0;8
24.01.2013;Wsp�lnota Mieszkaniowa ul. Przyja�ni 6;0;11
24.01.2013;Wsp�lnota Mieszkaniowa ul. Wiejska 3,3A,5,5A;0;1
24.01.2013;DEVCO Sp. z o.o.;0;2
22.01.2013;"Wsp�lnota Mieszkaniowa ""Na Zagonach""";0;8
22.01.2013;D+H Polska Sp. z o.o.;0;4
22.01.2013;"Wsp�lnota Mieszkaniowa ""R�y Wiatr�w""";0;16
22.01.2013;Wsp�lnota Mieszkaniowa ul. Pi�kna 64a-h 64j-k;0;1
22.01.2013;Cargill (Polska) Sp. z o.o. Oddzia� Bielany ;0;14
22.01.2013;Cargill (Polska) Sp. z o.o. Oddzia� Bielany ;0;5
17.01.2013;KAUFLAND POLSKA MARKETY Sp. z o.o. Sp.k.;0;2
17.01.2013;Wsp�lnota Mieszkaniowa ul.�l�na 112,112a,112b,112;0;18
17.01.2013;Adam Wargacki;0;1
16.01.2013;Top Design Sp�ka z o.o.;80;0
15.01.2013;Wsp�lnota Mieszkaniowa ul. Motylkowa 6a;0;3
15.01.2013;Wsp�lnota Mieszkaniowa ul. Motylkowa 2-2B/�ubinowa;0;10
15.01.2013;Wsp�lnota Mieszkaniowa ul. �ubinowa 3b-3g;0;9
14.01.2013;Wsp�lnota Mieszkaniowa ul. �ubinowa 1d-1g,3-3a;0;7
11.01.2013;Wsp�lnota Mieszkaniowa przy ul. Damrota 33-33A, ul;0;3
11.01.2013;Wsp�lnota Mieszkaniowa ul.Bierutowska 13-15;0;6
08.01.2013;DeLaval Operations Sp. z o.o.;0;4
28.12.2012;DEVCO Sp. z o.o.;0;3
21.12.2012;Szpital Rehabilitacyjny;0;4
20.12.2012;KAUFLAND POLSKA MARKETY Sp. z o.o. Sp.k.;0;3
19.12.2012;ABM alarm Jan Kalin;0;12
18.12.2012;Szko�a Podstawowa Nr 1 im.Marii D�browskiej;0;2
14.12.2012;KAUFLAND POLSKA MARKETY Sp. z o.o. Sp.k.;0;3
14.12.2012;KAUFLAND POLSKA MARKETY Sp. z o.o. Sp.k.;0;3
12.12.2012;Wsp�lnota Mieszkaniowa;0;8
12.12.2012;"Wsp�lnota Mieszkaniowa ""Braterska 7-27""";0;6
12.12.2012;"Wsp�lnota Mieszkaniowa ""Przyja�ni""";0;1
07.12.2012;AQ89 S.C.;0;2
06.12.2012;PRYWATNE GIMNAZJUM SALEZJA�SKIE im. �w.Edyty Stein;0;2
03.12.2012;"Wsp�lnota Mieszkaniowa ""Przyja��""";0;1
03.12.2012;"Wsp�lnota Mieszkaniowa ""Przyja��""";0;5
30.11.2012;Top Design Sp�ka z o.o.;14;0
26.11.2012;TOPACZ INVESTMENT Sp. z o.o.;0;2
26.11.2012;Moderator- Krzysztof Rzo�ca Sp�ka komandytowa;0;4
23.11.2012;KAUFLAND POLSKA MARKETY Sp. z o.o. Sp.k.;0;1
23.11.2012;Dolno�l�ska Agencja Wsp�pracy Gospodarczej Sp. z ;0;1
22.11.2012;KAUFLAND POLSKA MARKETY Sp. z o.o. Sp.k.;0;1
19.11.2012;DeLaval Operations Sp. z o.o.;0;2
19.11.2012;Szko�a Podstawowa Nr 1;0;1
19.11.2012;KAUFLAND POLSKA MARKETY Sp. z o.o. Sp.k.;0;1
14.11.2012;Szko�a Podstawowa Nr 83 im. Jana Kasprowicza;0;2
13.11.2012;Zesp� Elekrociep�owni Wroc�awskich KOGENERACJA S.;0;1
13.11.2012;Zesp� Elekrociep�owni Wroc�awskich KOGENERACJA S.;0;4
07.11.2012;"Wsp�lnota Mieszkaniowa ""Zielone Osiedle""";0;1
07.11.2012;"Wsp�lnota Mieszkaniowa ""Zielone Osiedle""";0;4
07.11.2012;"Wsp�lnota Mieszkaniowa ""Zielona Przysta� B""";0;5
06.11.2012;Top Design Sp�ka z o.o.;110;0
05.11.2012;D+H Polska Sp. z o.o.;0;4
05.11.2012;D+H Polska Sp. z o.o.;0;12
05.11.2012;D+H Polska Sp. z o.o.;0;7
05.11.2012;D+H Polska Sp. z o.o.;0;5
30.10.2012;Boart Longyear Poland So. z o.o.;0;5
29.10.2012;"Przedsi�biorstwo Produkcyjno-Wdro�eniowe ""ARAJ""";0;2
23.10.2012;KAUFLAND POLSKA MARKETY Sp. z o.o. Sp.k.;0;1
10.10.2012;KAUFLAND POLSKA MARKETY Sp. z o.o. Sp.k.;0;1
10.10.2012;KAUFLAND POLSKA MARKETY Sp. z o.o. Sp.k.;0;1
09.10.2012;Top Design Sp�ka z o.o.;30;0
08.10.2012;GANT ZN Sp. z o.o. Kamie�skiego Biura s.k.a;0;4
08.10.2012;"GANT ZN Sp. z o.o. 74"" s.k.a.";0;7
05.10.2012;Wsp�lnota Lokatorsko-Mieszkaniowa Rynek 60;0;5
01.10.2012;KAUFLAND POLSKA MARKETY Sp. z o.o. Sp.k.;0;3
27.09.2012;Cargill (Polska) Sp. z o.o. Oddzia� Bielany ;0;8
27.09.2012;Bili�ski Waldemar;0;1
27.09.2012;Przedszkole nr 61;0;3
13.09.2012;;0;2
03.09.2012;Gimnazjum Nr 15;0;4
31.08.2012;Bostyl Bogdan Skoczylas;0;1
31.08.2012;Bostyl Bogdan Skoczylas;0;2
24.08.2012;W.P.B.M. M�J DOM SA;0;18
24.08.2012;W.P.B.M. M�J DOM SA;0;4
17.08.2012;KAUFLAND POLSKA MARKETY Sp. z o.o. Sp.k.;0;3
30.07.2012;Gimnazjum Nr 4 im. Ojca �wi�tego Jana Paw�a II;0;4
18.07.2012;P.H.U.P. Business Partner Grzegorz Zboch;0;2
18.07.2012;Robert Bosch Sp. z o.o. ;0;2
13.07.2012;KAUFLAND POLSKA MARKETY Sp. z o.o. Sp.k.;0;3
13.07.2012;Top Design Sp�ka z o.o.;120;0
13.07.2012;Gimnazjum Nr 4 im. Ojca �wi�tego Jana Paw�a II;0;12
13.07.2012;Gimnazjum Nr 4 im. Ojca �wi�tego Jana Paw�a II;0;2
27.06.2012;Wroc�awska Drukarnia Naukowa PAN;0;4
27.06.2012;Mierzejewski Materia�y Samoprzylepne Wojciech ;0;1
22.06.2012;COFELY Services Sp. z o.o.;0;1
22.06.2012;Szko�a J�zyk�w Obcych LEKTOR W.Myszkowska, ;0;2
18.06.2012;Zesp� Elekrociep�owni Wroc�awskich KOGENERACJA S.;0;50
18.06.2012;Zesp� Elekrociep�owni Wroc�awskich KOGENERACJA S.;0;10
13.06.2012;Top Design Sp�ka z o.o.;120;0
13.06.2012;Szpital Rehabilitacyjny;0;1
12.06.2012;ULTRANET Sp. z o.o.;0;22
29.05.2012;;0;3
28.05.2012;KALIZEA Polska Sp. z o.o.;0;1
24.05.2012;Pa�stwowa Szko�a Muzyczna II Stopnia im.R.Bukowsk;0;3
24.05.2012;Pa�stwowa Szko�a Muzyczna II Stopnia im.R.Bukowsk;0;6
17.05.2012;Gimnazjum Nr 13 im.Unii Europejskiej;0;3
17.05.2012;P.H.U. EURO-PO� A. DEMCZUK;0;2
16.05.2012;ULTIMO SPӣKA Z O.O.;0;1
11.05.2012;CFE POLSKA Sp. z o.o.;0;33
11.05.2012;CFE POLSKA Sp. z o.o.;0;5
11.05.2012;Zesp� Elekrociep�owni Wroc�awskich KOGENERACJA S.;0;45
11.05.2012;Zesp� Elekrociep�owni Wroc�awskich KOGENERACJA S.;0;13
10.05.2012;Top Design Sp�ka z o.o.;120;0
08.05.2012;FPH MAGNAT sp. j. M.Jarocki, K. D�browski;0;1
04.05.2012;Impel Tech Solution Sp. z o.o. ;0;3
19.04.2012;Szko�a Podstawowa Nr 46 im.Polskich Olimpijczyk�w;0;4
12.04.2012;DEVCO Sp. z o.o.;0;1
12.04.2012;KACZMARSKI INKASSO;0;13
11.04.2012;KAUFLAND POLSKA MARKETY Sp. z o.o. Sp.k.;0;3
11.04.2012;KAUFLAND POLSKA MARKETY Sp. z o.o. Sp.k.;0;3
11.04.2012;KAUFLAND POLSKA MARKETY Sp. z o.o. Sp.k.;0;1
26.03.2012;W.P.B.M. M�J DOM SA;0;6
20.03.2012;Top Design Sp�ka z o.o.;40;0
16.03.2012;CEDO Sp�lka z o.o.;0;11
16.03.2012;BWA Wroc�aw Galerie Sztuki Wsp�lczesnej;0;7
05.03.2012;Top Design Sp�ka z o.o.;40;0
01.03.2012;D+H Polska Sp. z o.o.;0;3
27.01.2012;PROPMAN Marcin St�pi�ski;0;2
25.01.2012;Powiatowa Stacja Sanitarno Epidemiologiczna we Wr;0;9
25.01.2012;Powiatowa Stacja Sanitarno Epidemiologiczna we Wr;0;1
17.01.2012;ABM alarm Jan Kalin;0;1
17.01.2012;DEVCO Sp. z o.o.;0;3
30.12.2011;KAUFLAND POLSKA MARKETY Sp. z o.o. Sp.k.;0;2
23.12.2011;KAUFLAND POLSKA MARKETY Sp. z o.o. Sp.k.;0;2
21.12.2011;DEVCO Sp. z o.o.;0;3
21.12.2011;Wsp�lnota Mieszkaniowa Graniczna 1-13, Mieszcza�sk;0;2
16.12.2011;THE ONE sp. z o.o. sp. k.;0;9
16.12.2011;Cargill (Polska) Sp. z o.o. Oddzia� Bielany ;0;5
08.12.2011;"Przedsi�biorstwo Budowlano-Projektowe ""MAT""";0;6
07.12.2011;Wsp�lnota Mieszkaniowa Przyja��;0;3
01.12.2011;P.A. NOVA S.A.;0;19
29.11.2011;Szko�a Podstawowa Nr 1;0;2
23.11.2011;DeLaval Operations Sp. z o.o.;0;16
17.11.2011;KAUFLAND POLSKA MARKETY Sp. z o.o. Sp.k.;0;30
17.11.2011;KAUFLAND POLSKA MARKETY Sp. z o.o. Sp.k.;0;10
17.11.2011;KAUFLAND POLSKA MARKETY Sp. z o.o. Sp.k.;0;2
17.11.2011;Szko�a Podstawowa Nr 83 im. Jana Kasprowicza;0;3
10.11.2011;Przedszkole Nr 4;0;1
27.10.2011;Gmina �migr�d SP w Powidzku;0;2
27.10.2011;Gmina �migr�d SP w Powidzku;0;1
26.10.2011;COTEL Sp. z o.o.;0;9
19.10.2011;HANZA POLAND sp. z o.o.;0;11
17.10.2011;Top Design Sp�ka z o.o.;30;0
13.10.2011;Kotlarska 42 S.C.;0;7
11.10.2011;INTEGER S.A.;0;9
06.10.2011;INTAKUS S.A.;0;3
06.10.2011;INTAKUS S.A.;0;13
01.10.2011;Credit Suisse (Poland) Sp. z o.o.;0;1
29.09.2011;KAUFLAND POLSKA MARKETY Sp. z o.o. Sp.k.;0;4
22.09.2011;Gmina �migr�d;0;2
16.09.2011;"Polski Przemys� Mi�sny i Drobiarski ""MAT"" S.A.";0;1
15.09.2011;KAUFLAND POLSKA MARKETY Sp. z o.o. Sp.k.;0;1
15.09.2011;McDonald's Polska Sp. z o.o.;0;1
12.09.2011;W.P.B.M. M�J DOM SA;0;5
07.09.2011;Gmina �migr�d Szko�a Podstawowa w Korze�sku;0;4
07.09.2011;WAGO-ELWAG Sp. z o.o.;0;1
05.09.2011;KAUFLAND POLSKA MARKETY Sp. z o.o. Sp.k.;0;8
23.08.2011;KAUFLAND POLSKA MARKETY Sp. z o.o. Sp.k.;0;2
10.08.2011;KAUFLAND POLSKA MARKETY Sp. z o.o. Sp.k.;0;7
10.08.2011;KAUFLAND POLSKA MARKETY Sp. z o.o. Sp.k.;0;3
09.08.2011;ABM SOLID Sp�ka Akcyjna;0;10
08.08.2011;Publiczna Szko�a Podstawowa im. Stefana Kardyna�a;0;2
02.08.2011;DEVCO Sp. z o.o.;0;7
21.07.2011;PETER LACKE POLSKA Sp. z o.o.;0;2
14.07.2011;Przedsi�biorstwo Geologiczne we Wroc�awiu PROXIMA ;0;19
13.07.2011;Top Design Sp�ka z o.o.;120;0
08.07.2011;Match Point M.W.Matyja Sp. j.;0;4
22.06.2011;Detal Centrum sp. z o.o.;0;1
15.06.2011;DEVCO Sp. z o.o.;0;2
09.06.2011;Sleep Sp. z o.o.;0;8
03.06.2011;FPH MAGNAT sp. j. M.Jarocki, K. D�browski;0;1
02.06.2011;KAUFLAND POLSKA MARKETY Sp. z o.o. Sp.k.;0;3
02.06.2011;KAUFLAND POLSKA MARKETY Sp. z o.o. Sp.k.;0;3
31.05.2011;VECTRA S.A. ;0;1
30.05.2011;Impel Tech Solution Sp. z o.o. ;0;16
24.05.2011;W.P.B.M. M�J DOM SA;0;5
20.05.2011;Mobile Technology Sp. z o.o.;0;8
11.05.2011;"Przedszkole nr 105 ""Szczepinek""";0;3
10.05.2011;"Dolno�l�ska Agencja Handlowa ""Spo�em"" Sp. z o.o.";0;3
10.05.2011;JADAN Automatyka Przemys�owa Wies�aw Jasina;0;2
28.04.2011;Zesp� Szk� Nr 18;0;1
26.04.2011;KAUFLAND POLSKA MARKETY Sp. z o.o. Sp.k.;0;1
20.04.2011;Szko�a J�zyk�w Obcych LEKTOR W.Myszkowska, ;0;6
20.04.2011;EnergiaPro Gigawat Sp. z o.o.;0;17
15.04.2011;Top Design Sp�ka z o.o.;180;0
13.04.2011;Cargill (Polska) Sp. z o.o. Oddzia� Bielany ;0;2
07.04.2011;INTAKUS S.A.;0;12
07.04.2011;INTAKUS S.A.;0;3
07.04.2011;INTAKUS S.A.;0;13
06.04.2011;CARINA SILICONES Sp. z o.o.;0;3
06.04.2011;Szko�a Podstawowa Nr 71 im.Leona Kruczkowskiego;0;9
06.04.2011;ADMI Sp. z o.o.;0;1
01.04.2011;SCHENKER Sp. z o.o. w Warszawie Oddzia� Wroc�aw;0;1
29.03.2011;STUDIO BERTA Krystian Bera;0;1
29.03.2011;Zesp� Szk� Gastronomicznych;0;5
25.03.2011;Top Design Sp�ka z o.o.;5;0
24.03.2011;Top Design Sp�ka z o.o.;25;0
23.03.2011;Zesp� Elekrociep�owni Wroc�awskich KOGENERACJA S.;0;11
23.03.2011;KAUFLAND POLSKA MARKETY Sp. z o.o. Sp.k.;0;1
23.03.2011;Szko�a Podstawowa Nr 93;0;2
22.03.2011;"Sp�dzielnia Mieszkaniowa ""Wroc�awski Dom""";0;5
17.03.2011;O�rodek Techniki J�drowej POLON;0;1
16.03.2011;Fundacja PRZYJAZNY DOM im.Stanis�awa Jab�onki;0;3
11.03.2011;KAUFLAND POLSKA MARKETY Sp. z o.o. Sp.k.;0;1
10.03.2011;Projekt Robotnicza Sp. z o.o.;0;3
07.03.2011;DEVCO Sp. z o.o.;0;14
07.03.2011;DEVCO Sp. z o.o.;0;24
28.02.2011;Leszczy�ski Center S.C.;0;5
24.02.2011;Zesp� Elekrociep�owni Wroc�awskich KOGENERACJA S.;0;37
24.02.2011;Zesp� Elekrociep�owni Wroc�awskich KOGENERACJA S.;0;5
23.02.2011;Top Design Sp�ka z o.o.;60;0
11.02.2011;ODDZIA� WROC�AWSKI PTTK;0;5
11.02.2011;ODDZIA� WROC�AWSKI PTTK;0;4
10.02.2011;WOGAZ Jan Mich�r;0;5
09.02.2011;"FUNDACJA O�WIATOWA ""EKOLA""";0;1
09.02.2011;"FUNDACJA O�WIATOWA ""EKOLA""";0;1
09.02.2011;Top Design Sp�ka z o.o.;20;0
07.02.2011;Zesp� Elekrociep�owni Wroc�awskich KOGENERACJA S.;0;8
07.02.2011;Zesp� Elekrociep�owni Wroc�awskich KOGENERACJA S.;0;6
31.01.2011;KAUFLAND POLSKA MARKETY Sp. z o.o. Sp.k.;0;2
31.01.2011;"PPHU ""ESPIED"" Marcin Espenschied";0;23
21.01.2011;Specjalny O�rodek Szkolno-Wychowawczy Nr 11;0;9
21.01.2011;Specjalny O�rodek Szkolno-Wychowawczy Nr 11;0;2
12.01.2011;Zesp� Szk� Ponadgimnazjalnych;0;6
11.01.2011;P.H.U. EURO-PO� A. DEMCZUK;0;8
11.01.2011;ZACZAROWANA KRAINA KLUB MALUCHA AGATA;0;2
28.12.2010;KAUFLAND POLSKA MARKETY Sp. z o.o. Sp.k.;0;2
28.12.2010;KAUFLAND POLSKA MARKETY Sp. z o.o. Sp.k.;0;2
22.12.2010;KAUFLAND POLSKA MARKETY Sp. z o.o. Sp.k.;0;8
22.12.2010;Bank Polska Kasa Opieki S.A.;0;3
22.12.2010;S�D REJONOWY DLA WROC�AWIA-FABRYCZNEJ;0;14
16.12.2010;Zesp� Elekrociep�owni Wroc�awskich KOGENERACJA S.;0;10
14.12.2010;BWA Wroc�aw Galerie Sztuki Wsp�lczesnej;0;15
14.12.2010;Szko�a Podstawowa Nr 83 im. Jana Kasprowicza;0;16
14.12.2010;BWA Wroc�aw Galerie Sztuki Wsp�lczesnej;0;2
14.12.2010;BWA Wroc�aw Galerie Sztuki Wsp�lczesnej;0;2
08.12.2010;Leszczy�ski Center S.C.;0;1
07.12.2010;Bank Polska Kasa Opieki S.A.;0;5
01.12.2010;S�D REJONOWY DLA WROC�AWIA-FABRYCZNEJ;0;2
01.12.2010;S�D REJONOWY DLA WROC�AWIA-FABRYCZNEJ;0;4
18.11.2010;KAUFLAND POLSKA MARKETY Sp. z o.o. Sp.k.;0;3
18.11.2010;Materia�y Budowlane Wol-Bud;0;1
16.11.2010;Przedszkole Nr 87 WROC�AWSKIE DZIECIAKI;0;1
10.11.2010;Zesp� Szk� Og�lnokszta�c�cych nr 3;0;7
04.11.2010;O�rodek Techniki J�drowej POLON;0;4
04.11.2010;O�rodek Techniki J�drowej POLON;0;6
03.11.2010;KAUFLAND POLSKA MARKETY Sp. z o.o. Sp.k.;0;2
02.11.2010;Przedszkole Zgromadzenia Si�str �w.El�biety;0;3
28.10.2010;KAUFLAND POLSKA MARKETY Sp. z o.o. Sp.k.;0;1
27.10.2010;KAUFLAND POLSKA MARKETY Sp. z o.o. Sp.k.;0;1
27.10.2010;CINEMA TOWER SPӣKA Z O.O;0;7
27.10.2010;CINEMA TOWER SPӣKA Z O.O;0;11
26.10.2010;HAST Dworak Andrzej;0;4
25.10.2010;KAUFLAND POLSKA MARKETY Sp. z o.o. Sp.k.;0;10
18.10.2010;KAUFLAND POLSKA MARKETY Sp. z o.o. Sp.k.;0;1
18.10.2010;EMC INSTYTUT MEDYCZNY SA;0;1
14.10.2010;KAUFLAND POLSKA MARKETY Sp. z o.o. Sp.k.;0;4
14.10.2010;KAUFLAND POLSKA MARKETY Sp. z o.o. Sp.k.;0;2
13.10.2010;DAT Sp. z o.o.;0;6
30.09.2010;Top Design Sp�ka z o.o.;50;0
27.09.2010;Pa�stwowa Bursa Szk� Artstycznych;0;19
24.09.2010;TOYA S.A.;0;1
07.09.2010;"Przedszkole nr 56 ""Niezapominajka""";0;5
31.08.2010;KAUFLAND POLSKA MARKETY Sp. z o.o. Sp.k.;0;5
31.08.2010;KAUFLAND POLSKA MARKETY Sp. z o.o. Sp.k.;0;11
30.08.2010;KAUFLAND POLSKA MARKETY Sp. z o.o. Sp.k.;0;6
30.08.2010;KAUFLAND POLSKA MARKETY Sp. z o.o. Sp.k.;0;6
26.08.2010;Top Design Sp�ka z o.o.;80;0
26.08.2010;Gimnazjum Nr 15;0;6
26.08.2010;"Wsp�lnota Mieszkaniowa ""Przyja�ni""";0;6
26.08.2010;"Wsp�lnota Mieszkaniowa ""Partynicka""";0;3
26.08.2010;"Wsp�lnota Mieszkaniowa ""Osiedle Chabrowe""";0;12
23.08.2010;ROMDOM-3 Sp�lka z o.o.;0;1
06.08.2010;Stanis�aw Marchewka- MARCHEWKA;0;13
05.08.2010;Gimnazjum Gminne w Siechnicach;0;3
03.08.2010;EKOPOLMAL Jolanta Kole�niczenko;0;1
03.08.2010;BDI Sp. z o.o.;0;10
30.07.2010;Top Design Sp�ka z o.o.;120;0
29.07.2010;RAFAEL INVESTMENT Sp. z o.o.;0;6
28.07.2010;O�rodek Techniki J�drowej POLON;0;6
26.07.2010;Zesp� Elekrociep�owni Wroc�awskich KOGENERACJA S.;0;34
26.07.2010;Zesp� Elekrociep�owni Wroc�awskich KOGENERACJA S.;0;6
23.07.2010;"Akademia J�zykowa ""SMART START"" Beata Dr�d�";0;2
22.07.2010;Top Design Sp�ka z o.o.;40;0
21.07.2010;TEMAR Sp�ka Jawna Miros�aw Jakubiak Albin;0;14
19.07.2010;DONG YANG Electronics Sp. z o.o.;0;7
19.07.2010;DONG YANG Electronics Sp. z o.o.;0;15
15.07.2010;KAUFLAND POLSKA MARKETY Sp. z o.o. Sp.k.;0;3
12.07.2010;P.H.U. EURO-PO� A. DEMCZUK;0;10
06.07.2010;S�d Rejonowy dla Wroc�awia-Krzyk�w we Wroc�awiu;0;7
06.07.2010;Sportowa Szko�a Podstawowa Nr 72;0;1
28.06.2010;Szko�a Podstawowa Nr 30;0;1
28.05.2010;Bank Polska Kasa Opieki S.A.;0;9
20.05.2010;KAUFLAND POLSKA MARKETY Sp. z o.o. Sp.k.;0;3
20.05.2010;KAUFLAND POLSKA MARKETY Sp. z o.o. Sp.k.;0;2
20.05.2010;S�d Rejonowy dla Wroc�awia-Krzyk�w we Wroc�awiu;0;3
13.05.2010;Gimnazjum Nr 5 im. Cypriana Kamila Norwida;0;2
06.05.2010;"MINI-BROWAR ""SPI�"" Arkadiusz Spi�";0;12
05.05.2010;KAUFLAND POLSKA MARKETY Sp. z o.o. Sp.k.;0;3
05.05.2010;KAUFLAND POLSKA MARKETY Sp. z o.o. Sp.k.;0;4
04.05.2010;Zesp� Szk� Nr 18;0;8
29.04.2010;Parafia �wi�tej Tr�jcy;0;2
28.04.2010;Gimnazjum Nr 4 im. Ojca �wi�tego Jana Paw�a II;0;2
22.04.2010;CARINA SILICONES Sp. z o.o.;0;2
15.04.2010;ADMI Sp. z o.o.;0;5
09.04.2010;I2 Development Sp. z o.o.;0;1
09.04.2010;Zesp� Szkolno-Przedszkolny nr 7;0;1
06.04.2010;Bili�ski Waldemar;0;24
06.04.2010;Surfland Sp. z o.o. sp.k;0;10
06.04.2010;Wsp�lnota Nieruchomo�ci TEMIDA;0;5
01.04.2010;KAUFLAND POLSKA MARKETY Sp. z o.o. Sp.k.;0;6
18.03.2010;O�AWSKA 9 Sp. z o.o.;0;6
15.03.2010;W.P.B.M. M�J DOM SA;0;9
12.03.2010;PRZEDSZKOLE Nr 102;0;1
10.03.2010;KAUFLAND POLSKA MARKETY Sp. z o.o. Sp.k.;0;6
10.03.2010;Przedszkole Nr 55;0;3
05.03.2010;"Dolno�l�ska Agencja Handlowa ""Spo�em"" Sp. z o.o.";0;9
01.03.2010;KAUFLAND POLSKA MARKETY Sp. z o.o. Sp.k.;0;3
01.03.2010;KAUFLAND POLSKA MARKETY Sp. z o.o. Sp.k.;0;8
26.02.2010;Top Design Sp�ka z o.o.;40;0
19.02.2010;REZYDENCJA D�BIE WPBM M�J DOM SA i TEMAR Sp.J.;0;20
15.02.2010;AAA ZAPYTANIE.PL SP. Z O.O.;0;4
12.02.2010;Liceum Og�lnokszta�c�ce Nr XII im. Boles�awa Chrob;0;9
12.02.2010;Zarz�d Inwestycji Miejskich;0;4
08.02.2010;KAUFLAND POLSKA MARKETY Sp. z o.o. Sp.k.;0;1
22.01.2010;GOURMET-Wiatrowski Grzegorz;0;3
14.01.2010;Gimnazjum Nr 13 im.Unii Europejskiej;0;7
31.12.2009;KAUFLAND POLSKA MARKETY Sp. z o.o. Sp.k.;0;2
29.12.2009;Robert Bosch Sp. z o.o. ;0;5
29.12.2009;KAUFLAND POLSKA MARKETY Sp. z o.o. Sp.k.;0;18
29.12.2009;KAUFLAND POLSKA MARKETY Sp. z o.o. Sp.k.;0;10
29.12.2009;KAUFLAND POLSKA MARKETY Sp. z o.o. Sp.k.;0;7
29.12.2009;KAUFLAND POLSKA MARKETY Sp. z o.o. Sp.k.;0;7
29.12.2009;KAUFLAND POLSKA MARKETY Sp. z o.o. Sp.k.;0;9
29.12.2009;KAUFLAND POLSKA MARKETY Sp. z o.o. Sp.k.;0;7
29.12.2009;KAUFLAND POLSKA MARKETY Sp. z o.o. Sp.k.;0;5
29.12.2009;KAUFLAND POLSKA MARKETY Sp. z o.o. Sp.k.;0;9
29.12.2009;Call Center Inter Galactica Sp. z o.o.;0;7
28.12.2009;"Przedsi�biorstwo Budowlano-Projektowe ""MAT""";0;10
01.12.2009;KAUFLAND POLSKA MARKETY Sp. z o.o. Sp.k.;0;3
30.11.2009;Wsp�lnota Nieruchomo�ci TEMIDA;0;4
30.11.2009;S�D REJONOWY DLA WROC�AWIA-FABRYCZNEJ;0;6
25.11.2009;Przedszkole Nr 28 FANTAZJA;0;12
24.11.2009;Szko�a Podstawowa Nr 1;0;1
20.11.2009;Top Design Sp�ka z o.o.;40;0
12.11.2009;JATOJA Sp. z o.o.;0;3
12.11.2009;Iteco Sp. z oo;0;6
09.11.2009;Szko�a Podstawowa im. Boles�awa Chrobrego ;0;5
05.11.2009;Match Point M.W.Matyja Sp. j.;0;12
22.10.2009;W.P.B.M. M�J DOM SA;0;10
13.10.2009;EnergiaPro Gigawat Sp. z o.o.;0;3
13.10.2009;MARIAN-TROCKEN-BAU Sp. z o.o.;0;9
12.10.2009;KANCELARIA RADCY PRAWNEGO TOMASZ DAUERMAN;0;2
01.10.2009;W&W NIERUCHOMO�CI I.M. WOJTU� Sp�ka Jawna;0;20
29.09.2009;KAUFLAND POLSKA MARKETY Sp. z o.o. Sp.k.;0;1
24.09.2009;Top Design Sp�ka z o.o.;195;0
23.09.2009;BUDMAR ZAK�AD ROB�T BUDOWLANYCH MAREK W�USEK;0;11
15.09.2009;EMC INSTYTUT MEDYCZNY SA;0;1
14.09.2009;McDonald's Polska Sp. z o.o.;0;2
08.09.2009;Robert Bosch Sp. z o.o. ul.Poleczki 02-822 Warszaw;0;8
04.09.2009;Rafa� Dutka PROMOTION;0;1
03.09.2009;KAUFLAND POLSKA MARKETY Sp. z o.o. Sp.k.;0;3
26.08.2009;CARINA SILICONES Sp. z o.o.;0;6
12.08.2009;EMC INSTYTUT MEDYCZNY SA;0;6
27.07.2009;Top Design Sp�ka z o.o.;60;0
22.07.2009;STER Dorota Kozie�;0;3
09.07.2009;ZAK�AD GOSPODARKI KOMUNALNEJ Sp. z o.o. w �w. ;0;2
24.06.2009;ADMI Sp. z o.o.;0;1
19.06.2009;EUROIMMUN POLSKA Sp. z o.o.;0;1
17.06.2009;JADAN Automatyka Sp. z o.o.;0;1
10.06.2009;Top Design Sp�ka z o.o.;80;0
10.06.2009;PARKER HANNIFIN Sp. z o.o.;0;6
08.06.2009;"Spo�em PSS ""CENTRUM"" we Wroc�awiu";0;1
01.06.2009;D+H Polska Sp. z o.o.;0;10
22.05.2009;Zesp� Szk� Nr 18;0;2
21.05.2009;KAUFLAND POLSKA MARKETY Sp. z o.o. Sp.k.;0;1
14.05.2009;Gminne Centrum Kultury w �wi�tej Katarzynie;0;3
13.05.2009;MRC sp�ka z o.o.;0;2
12.05.2009;BRL-CENTER Polska Sp. z o.o.;0;2
27.04.2009;Top Design Sp�ka z o.o.;10;0
23.04.2009;Wsp�lnota Mieszkaniowa;0;10
21.04.2009;Biuro Koordynacji Projektu Ochrony Przeciwpowodzio;0;5
16.04.2009;TOPACZ INVESTMENT Sp. z o.o.;0;1
15.04.2009;EKODYNAMIC Sp. z o.o. Sp�ka Komandytowa;0;2
15.04.2009;EKODYNAMIC Sp. z o.o. Sp�ka Komandytowa;0;13
09.04.2009;Stadnina Koni Sportowych ABSOLUT;0;2
08.04.2009;Top Design Sp�ka z o.o.;10;0
08.04.2009;ROBA METAL POLSKA Sp. z o.o.;0;2
06.04.2009;KAUFLAND POLSKA MARKETY Sp. z o.o. Sp.k.;0;4
31.03.2009;PA�AC GALERIA RESTAURACJA HALINA PRZYSTUPLAK;0;3
30.03.2009;ARCADIS Sp. z o.o.;0;4
18.03.2009;Bank Polska Kasa Opieki S.A.;0;2
17.03.2009;KAUFLAND POLSKA MARKETY Sp. z o.o. Sp.k.;0;10
11.03.2009;KAUFLAND POLSKA MARKETY Sp. z o.o. Sp.k.;0;3
27.02.2009;KAUFLAND POLSKA MARKETY Sp. z o.o. Sp.k.;0;14
27.02.2009;KAUFLAND POLSKA MARKETY Sp. z o.o. Sp.k.;0;3
27.02.2009;KAUFLAND POLSKA MARKETY Sp. z o.o. Sp.k.;0;1
26.02.2009;KAUFLAND POLSKA MARKETY Sp. z o.o. Sp.k.;0;10
24.02.2009;FAM Cynkowanie Ogniowe Sp. z o.o.;0;2
05.02.2009;KOBIGA-EKO Sp�ka z o.o.;0;4
28.01.2009;ULTIMO SPӣKA Z O.O.;0;7
27.01.2009;KAUFLAND POLSKA MARKETY Sp. z o.o. Sp.k.;0;2
21.01.2009;AKIRA JACEK KRAWCZYK;0;8
20.01.2009;Szko�a Podstawowa Nr 1 im.Marii D�browskiej;0;5
14.01.2009;Wojew�dzki Inpektorat Transportu Drogowego we Wroc;0;6
13.01.2009;Przedsi�biorstwo Us�ug Budowlanych Laskowski, ;0;6
09.01.2009;ORIFLAME POLAND Sp. z o.o.;0;3
07.01.2009;HELIKON AGENCJA HANDLOWA Grzegorz Miszczuk;0;6
23.12.2008;Szko�a Podstawowa Nr 1 im.Marii D�browskiej;0;2
19.12.2008;Salon Fryzjerski UNIQUE Andrzej Wr�bel;0;2
18.12.2008;Stadnina Koni Sportowych ABSOLUT;0;3
02.12.2008;Drukarnia T-� Sp. z o.o.;0;2
28.11.2008;"Przedsi�biorstwo Us�ugowo-Hansdlowe ""SP-1""";0;5
26.11.2008;KAUFLAND POLSKA MARKETY Sp. z o.o. Sp.k.;0;9
25.11.2008;KEA Sp. Jawna Irena i Bogdan Baszak;0;2
25.11.2008;KAUFLAND POLSKA MARKETY Sp. z o.o. Sp.k.;0;2
21.11.2008;PRYWATNE GIMNAZJUM SALEZJA�SKIE im. �w.Edyty Stein;0;3
19.11.2008;Przedszkole Nr 4;0;1
05.11.2008;Szko�a Podstawowa Nr 83 im. Jana Kasprowicza;0;1
03.11.2008;AUTOGIE�DA M. Majski J.Styrna sp�ka jawna;0;5
31.10.2008;Wsp�lnota Mieszkaniowa ul.Braterska 7-27;0;4
31.10.2008;Wsp�lnota Mieszkaniowa ul.Braterska 7-27;0;6
29.10.2008;Powiatowy Zesp� Szk� im.Jana Paw�a II;0;12
29.10.2008;KAUFLAND POLSKA MARKETY Sp. z o.o. Sp.k.;0;2
27.10.2008;S�D REJONOWY DLA WROC�AWIA-FABRYCZNEJ;0;5
27.10.2008;S�D REJONOWY DLA WROC�AWIA-FABRYCZNEJ;0;4
27.10.2008;S�d Rejonowy dla Wroc�awia-Krzyk�w we Wroc�awiu;0;4
24.10.2008;TOPACZ INVESTMENT Sp. z o.o.;0;5
24.10.2008;TOPACZ INVESTMENT Sp. z o.o.;0;2
24.10.2008;FOOD & BEVERAGE Robert Dmochowicz;0;2
22.10.2008;Biuro Koordynacji Projektu Ochrony Przeciwpowodzio;0;4
08.10.2008;Top Design Sp�ka z o.o.;40;0
07.10.2008;KAUFLAND POLSKA MARKETY Sp. z o.o. Sp.k.;0;4
29.09.2008;NEO Nieruchomo�ci Sp. z o.o.;0;4
25.09.2008;Poradnia Psychologiczno-Pedagogiczna Nr 9;0;1
22.09.2008;LINDE MATERIAL Handling POLSKA Sp. z o.o.;0;6
18.09.2008;Dolno�l�ski Szpital Specjalistyczny im. Tadeusza ;0;10
16.09.2008;TRIADA-DOM Wachowiak �liwiak Sp�ka Jawna;0;1
16.09.2008;TRIADA-DOM Wachowiak �liwiak Sp�ka Jawna;0;7
05.09.2008;KAUFLAND POLSKA MARKETY Sp. z o.o. Sp.k.;0;1
05.09.2008;KAUFLAND POLSKA MARKETY Sp. z o.o. Sp.k.;0;2
05.09.2008;KAUFLAND POLSKA MARKETY Sp. z o.o. Sp.k.;0;2
03.09.2008;Top Design Sp�ka z o.o.;100;0
03.09.2008;ATENA Sp. z o.o.;0;5
01.09.2008;"PRZEDSI�BIORSTWO HANDLOWO-US�UGOWE ""LiR""";0;2
28.08.2008;S�D REJONOWY DLA WROC�AWIA-FABRYCZNEJ;0;15
28.08.2008;S�D REJONOWY DLA WROC�AWIA-FABRYCZNEJ;0;26
14.08.2008;Przedsi�biorstwo Rob�t Kolejowych i In�ynieryjnych;0;1
08.08.2008;IMPEL CATERING Sp�ka z o.o.;0;9
01.08.2008;Art Store Rafa� Marcin�w;0;5
01.08.2008;Art Store Rafa� Marcin�w;0;1
28.07.2008;GANT74 Sp. z o.o.;0;2
23.07.2008;WRO-CARS US�UGI LOGISTYCZNE Andrzej G�sowski;0;37
23.07.2008;WRO-CARS US�UGI LOGISTYCZNE Andrzej G�sowski;0;44
22.07.2008;HFP S.A.;0;3
15.07.2008;KAUFLAND POLSKA MARKETY Sp. z o.o. Sp.k.;0;1
11.07.2008;Przedsi�biorstwo Budowlane CEZBED Sp. z o.o.;0;4
08.07.2008;ATM INVESTMENT Sp. z o.o.;0;16
03.07.2008;Smet Chocolates Poland Sp. z o.o.;0;2
18.06.2008;Cargill (Polska) Sp. z o.o. Oddzia� Bielany ;0;4
17.06.2008;Dolmat Developer Sp. z o.o.;0;1
17.06.2008;Dolmat Developer Sp. z o.o.;0;5
17.06.2008;Dolmat Developer Sp. z o.o.;0;2
17.06.2008;Dolmat Developer Sp. z o.o.;0;14
04.06.2008;VULCAN sp. z o.o.;0;1
04.06.2008;ELDOS Sp. z o.o.;0;8
04.06.2008;ELDOS Sp. z o.o.;0;2
03.06.2008;KAUFLAND POLSKA MARKETY Sp. z o.o. Sp.k.;0;5
02.06.2008;BEM-BUD Sp. z o.o.;0;5
01.06.2008;Sodexho Polska Sp. z o.o.;0;16
29.05.2008;Plastusiowy Domek Przedszkole Nr 94;0;10
14.05.2008;KAUFLAND POLSKA MARKETY Sp. z o.o. Sp.k.;0;8
06.05.2008;ACTIV INVESTMENT Sp. z o.o.;0;17
02.05.2008;FORMACJA POLIGRAFICZNA PM GROUP SPӣKA;0;3
30.04.2008;Zesp� Szk� Nr 18;0;6
17.04.2008;KAUFLAND POLSKA MARKETY Sp. z o.o. Sp.k.;0;2
15.04.2008;Zak�ad Karny Nr 2 we Wroc�awiu;0;10
15.04.2008;Autorskie Licea Artystyczne ALA;0;3
11.04.2008;Przedsi�biorstwo Transportowo-Sprz�towe;0;7
11.04.2008;SELENA SA;0;1
07.04.2008;KORF ISOLMATIC SP. Z O.O.;0;4
04.04.2008;Cargill (Polska) Sp. z o.o. Oddzia� Bielany ;0;1
04.04.2008;Cargill (Polska) Sp. z o.o. Oddzia� Bielany ;0;18
04.04.2008;S�d Rejonowy dla Wroc�awia-Krzyk�w we Wroc�awiu;0;7
04.04.2008;S�d Rejonowy dla Wroc�awia-Krzyk�w we Wroc�awiu;0;3
03.04.2008;KAUFLAND POLSKA MARKETY Sp. z o.o. Sp.k.;0;1
20.03.2008;Top Design Sp�ka z o.o.;40;0
13.03.2008;Top Design Sp�ka z o.o.;200;0
13.03.2008;TOYA S.A. we Wroc�awiu, Oddzia� w Krynicznie;0;2
10.03.2008;O�AWSKA 9 Sp. z o.o.;0;21
10.03.2008;W.P.B.M. M�J DOM SA;0;32
10.03.2008;W.P.B.M. M�J DOM SA;0;40
27.02.2008;Multilayer Pipe Company Sp. z o.o.;0;13
25.02.2008;Top Design Sp�ka z o.o.;200;0
22.02.2008;Top Design Sp�ka z o.o.;340;0
23.01.2008;S�D REJONOWY DLA WROC�AWIA-FABRYCZNEJ;0;21
14.01.2008;Dolmat Developer Sp. z o.o.;0;5
14.01.2008;DeLaval Operations Sp. z o.o.;0;1
14.01.2008;Telecommunications Operations & Service (ACN) ;0;1
14.01.2008;Telecommunications Operations & Service (ACN) ;0;1
10.01.2008;Top Design Sp�ka z o.o.;60;0
10.01.2008;Cargill (Polska) Sp. z o.o. Oddzia� Bielany ;0;16
28.12.2007;KAUFLAND POLSKA MARKETY Sp. z o.o. Sp.k.;0;2
20.12.2007;Gminny O�rodek Pomocy Spo�ecznej;0;2
18.12.2007;Przedsi�biorstwo Handlowo-Us�ugowe Zbigniew Burda;0;7
13.12.2007;D+H Polska Sp. z o.o.;0;51
12.12.2007;KAUFLAND POLSKA MARKETY Sp. z o.o. Sp.k.;0;26
07.12.2007;Top Design Sp�ka z o.o.;120;0
06.12.2007;"Przedszkole nr 56 ""Niezapominajka""";0;10
05.12.2007;Mi�dzynarodowe Centra Medyczne Polska Sp. z o.o.;0;1
03.12.2007;Gmina �migr�d;0;5
01.12.2007;DOM-INVEST SP. Z O.O.;0;2
01.12.2007;WROC�AWSKI PARK WODNY S.A.;0;19
29.11.2007;Zak�ady Przemys�u Odzie�owego OTIS Sp. z o.o.;0;6
29.11.2007;Cargill (Polska) Sp. z o.o. Oddzia� Bielany ;0;12
28.11.2007;Top Design Sp�ka z o.o.;100;0
28.11.2007;Przedszkole Nr 79;0;2
26.11.2007;EMC INSTYTUT MEDYCZNY SA;0;5
26.11.2007;EMC INSTYTUT MEDYCZNY SA;0;5
21.11.2007;Makro Cash and Carry Polska SA;0;2
20.11.2007;Przedsi�biorstwo Budowlane CEZBED Sp. z o.o.;0;6
20.11.2007;ELKO-BIS- Systemy Odgromowe R.Kohut,Sz.Klaczak;0;9
16.11.2007;REZYDENCJA D�BIE WPBM M�J DOM SA i TEMAR Sp.J.;0;11
16.11.2007;REZYDENCJA D�BIE WPBM M�J DOM SA i TEMAR Sp.J.;0;20
13.11.2007;KAUFLAND POLSKA MARKETY Sp. z o.o. Sp.k.;0;5
09.11.2007;G��wny;84;0
09.11.2007;TRIADA-DOM Wachowiak �liwiak Sp�ka Jawna;0;15
08.11.2007;Gimnazjum im. Macieja Rataja w  �migrodzie;0;2
08.11.2007;Szko�a Podstawowa im. Boles�awa Chrobrego ;0;4
07.11.2007;TMB NIERUCHOMO�CI Sp. z o.o.;0;8
31.10.2007;KAUFLAND POLSKA MARKETY Sp. z o.o. Sp.k.;0;2
22.10.2007;KAUFLAND POLSKA MARKETY Sp. z o.o. Sp.k.;0;2
17.10.2007;Przedszkole Si�str �w.El�biety;0;1
16.10.2007;Top Design Sp�ka z o.o.;40;0
16.10.2007;WIDEX Sp. z o.o.;0;4
15.10.2007;SPO�EM POWSZECHNA SPӣDZIELNIA SPO�YWC�W ;0;1
12.10.2007;Wroc�awska Agencja Rozwoju Regionalnego SA;0;3
11.10.2007;Cargill (Polska) Sp. z o.o. Oddzia� Bielany ;0;2
05.10.2007;Wroc�awskie Przedsi�biorstwo Hala Ludowa Sp. z ;0;5
04.10.2007;LEGNICKA BUSINESS HOUSE Sp. z o.o.;0;6
04.10.2007;LEGNICKA BUSINESS HOUSE Sp. z o.o.;0;2
04.10.2007;LEGNICKA BUSINESS HOUSE Sp. z o.o.;0;19
27.09.2007;Top Design Sp�ka z o.o.;40;0
26.09.2007;BRL-CENTER Polska Sp. z o.o.;0;1
26.09.2007;KAUFLAND POLSKA MARKETY Sp. z o.o. Sp.k.;0;3
25.09.2007;Przedsi�biorstwo Budowlane CEZBED Sp. z o.o.;0;13
24.09.2007;Dolmat Developer Sp. z o.o.;0;4
24.09.2007;Dolmat Developer Sp. z o.o.;0;2
21.09.2007;Cargill (Polska) Sp. z o.o. Oddzia� Bielany ;0;2
10.09.2007;Radio Wroc�aw S.A.;0;6
10.09.2007;Radio Wroc�aw S.A.;0;13
05.09.2007;Gminne Centrum Kultury w �wi�tej Katarzynie;0;1
29.08.2007;Gimnazjum Nr 13 im.Unii Europejskiej;0;5
28.08.2007;Bank Polska Kasa Opieki S.A.;0;1
28.08.2007;Bank Polska Kasa Opieki S.A.;0;1
28.08.2007;Bank Polska Kasa Opieki S.A.;0;4
28.08.2007;KAUFLAND POLSKA MARKETY Sp. z o.o. Sp.k.;0;4
24.08.2007;Zesp� Plac�wek Kultury;0;7
23.08.2007;Qubus Hotel Sp. z o.o.;0;5
21.08.2007;KAUFLAND POLSKA MARKETY Sp. z o.o. Sp.k.;0;1
09.08.2007;KAUFLAND POLSKA MARKETY Sp. z o.o. Sp.k.;0;1
08.08.2007;KAUFLAND POLSKA MARKETY Sp. z o.o. Sp.k.;0;4
08.08.2007;Muzeum Narodowe we Wroc�awiu;0;2
06.08.2007;Samodzielny Publiczny Zak�ad Opieki Zdrowotnej;0;3
02.08.2007;Przedsi�biorstwo Transportowo-Sprz�towe;0;2
31.07.2007;Przedsi�biorstwo Budowlane CEZBED Sp. z o.o.;0;4
24.07.2007;KAUFLAND POLSKA MARKETY Sp. z o.o. Sp.k.;1;0
20.07.2007;KAUFLAND POLSKA MARKETY Sp. z o.o. Sp.k.;0;1
19.07.2007;Publiczny Zak�ad Opieki Zdrowotnej O�rodek Zdrowia;0;5
11.07.2007;BRL-CENTER Polska Sp. z o.o.;0;1
11.07.2007;BRL-CENTER Polska Sp. z o.o.;0;1
11.07.2007;BRL-CENTER Polska Sp. z o.o.;0;2
11.07.2007;KAUFLAND POLSKA MARKETY Sp. z o.o. Sp.k.;0;1
10.07.2007;KAUFLAND POLSKA MARKETY Sp. z o.o. Sp.k.;0;2
18.06.2007;Powiatowy Zesp� Szk� im.Jana Paw�a II;0;4
18.06.2007;Powiatowy Zesp� Szk� im.Jana Paw�a II;0;13
18.06.2007;BRL-CENTER Polska Sp. z o.o.;0;2
18.06.2007;KAUFLAND POLSKA MARKETY Sp. z o.o. Sp.k.;0;1
15.06.2007;Top Design Sp�ka z o.o.;230;0
14.06.2007;KAUFLAND POLSKA MARKETY Sp. z o.o. Sp.k.;0;1
05.06.2007;PLUS-DISCOUNT Sp. z o.o.;0;2
05.06.2007;BRL-CENTER Polska Sp. z o.o.;0;1
05.06.2007;KAUFLAND POLSKA MARKETY Sp. z o.o. Sp.k.;0;1
05.06.2007;KAUFLAND POLSKA MARKETY Sp. z o.o. Sp.k.;0;1
05.06.2007;KAUFLAND POLSKA MARKETY Sp. z o.o. Sp.k.;0;2
31.05.2007;Gmina �wi�ta Katarzyna;0;2
29.05.2007;PLUS-DISCOUNT Sp. z o.o.;0;1
29.05.2007;BRL-CENTER Polska Sp. z o.o.;0;2
28.05.2007;Niepubliczny Zak�ad Opieki Zdrowotnej Centrum ;0;2
28.05.2007;Microtech International Ltd. Sp. z o.o.;0;1
25.05.2007;Sportowa Szko�a Podstawowa Nr 72;0;1
23.05.2007;Top Design Sp�ka z o.o.;160;0
17.05.2007;Cargill (Polska) Sp. z o.o. Oddzia� Bielany ;0;10
17.05.2007;Cargill (Polska) Sp. z o.o. Oddzia� Bielany ;0;5
15.05.2007;Top Design Sp�ka z o.o.;40;0
15.05.2007; PROFIT DEVELOPMENT S.A.;0;22
14.05.2007;BRL-CENTER Polska Sp. z o.o.;0;1
14.05.2007;BRL-CENTER Polska Sp. z o.o.;0;1
09.05.2007;STALMONT Przedsi�biorstwo Produkcyjno-Us�ugowo-;0;8
30.04.2007;M&G NOWA s.c.;0;2
23.04.2007;Cargill (Polska) Sp. z o.o. Oddzia� Bielany ;0;9
19.04.2007;Top Design Sp�ka z o.o.;80;0
19.04.2007;BRL-CENTER Polska Sp. z o.o.;0;2
13.04.2007;Szko�a Podstawowa Nr 9 im. Wincentego Pola;0;11
11.04.2007;POLAP Sp. z o.o.;0;2
10.04.2007;MAGDALENAEUM Sp. z o.o.;0;2
03.04.2007;KAUFLAND POLSKA MARKETY Sp. z o.o. Sp.k.;0;3
02.04.2007;W.P.B.M. M�J DOM SA;0;9
02.04.2007;3M Wroc�aw sp. z o.o.;0;5
02.04.2007;TRIADA-DOM;0;6
16.03.2007;G��wny;2;0
16.03.2007;KAUFLAND POLSKA MARKETY Sp. z o.o. Sp.k.;0;2
15.03.2007;Top Design Sp�ka z o.o.;40;0
13.03.2007;Pa�stwowa Szko�a Muzyczna II Stopnia im.R.Bukowsk;0;4
09.03.2007;KAUFLAND POLSKA MARKETY Sp. z o.o. Sp.k.;0;3
09.03.2007;G��wny;10;0
09.03.2007;KAUFLAND POLSKA MARKETY Sp. z o.o. Sp.k.;0;8
09.03.2007;KAUFLAND POLSKA MARKETY Sp. z o.o. Sp.k.;0;2
28.02.2007;Top Design Sp�ka z o.o.;20;0
22.02.2007;KAUFLAND POLSKA MARKETY Sp. z o.o. Sp.k.;0;1
22.02.2007;G��wny;1;0
16.02.2007;GRZEGORZ BANA�;0;40
16.02.2007;Szko�a Podstawowa Nr 80 im. Tysi�clecia Wroc�awia;0;4
16.02.2007;G��wny;4;0
15.02.2007;BRL-CENTER Polska Sp. z o.o.;0;1
09.02.2007;Top Design Sp�ka z o.o.;40;0
07.02.2007;GRZEGORZ BANA�;0;75
07.02.2007;GRZEGORZ BANA�;0;5
05.02.2007;PIOTR W�JCIK;0;13
01.02.2007;Top Design Sp�ka z o.o.;10;0
29.01.2007;Top Design Sp�ka z o.o.;20;0
10.01.2007;PIOTR W�JCIK;0;2
10.01.2007;PIOTR W�JCIK;0;38
05.01.2007;GRZEGORZ BANA�;0;2
05.01.2007;GRZEGORZ BANA�;0;38
02.01.2007;MICHA� PONIATOWSKI;0;88
02.01.2007;PIOTR W�JCIK;0;34
02.01.2007;PIOTR W�JCIK;0;80
02.01.2007;PIOTR W�JCIK;0;10
28.12.2006;P.W. BIM Sp. z o.o.;0;2
28.12.2006;P.W. BIM Sp. z o.o.;0;8
27.12.2006;DEVCO Sp. z o.o.;0;2
21.12.2006;Zak�ad Karny Nr 2 we Wroc�awiu;0;4
18.12.2006;GMINA WROC�AW;0;45
14.12.2006;PLUS-DISCOUNT Sp. z o.o.;0;2
11.12.2006;SHELL Polska sp. z o.o.;0;1
08.12.2006;Wroc�awskie Centrum Tw�rczo�ci Dziecka;0;8
05.12.2006;PRYWATNE GIMNAZJUM SALEZJA�SKIE im. �w.Edyty Stein;0;8
01.12.2006;PLUS-DISCOUNT Sp. z o.o.;0;1
30.11.2006;SHELL Polska sp. z o.o.;1;0
28.11.2006;Top Design Sp�ka z o.o.;10;0
27.11.2006;Top Design Sp�ka z o.o.;160;0
27.11.2006;VULCAN sp. z o.o.;0;1
27.11.2006;VULCAN sp. z o.o.;0;6
13.11.2006;PLUS-DISCOUNT Sp. z o.o.;0;1
31.10.2006;SHELL Polska sp. z o.o.;0;1
31.10.2006;TOPACZ INVESTMENT Sp. z o.o.;0;7
30.10.2006;"Przedsi�biorstwo Produkcyjno-Wdro�eniowe ""ARAJ""";0;4
30.10.2006;VKN Polska Sp z o.o.;0;6
17.10.2006;Top Design Sp�ka z o.o.;80;0
12.10.2006;Top Design Sp�ka z o.o.;20;0
04.10.2006;KEA Sp. Jawna Irena i Bogdan Baszak;0;2
21.09.2006;Wojew�dzka Stacja Sanitarno-Epidemiologiczna;0;15
01.09.2006;Top Design Sp�ka z o.o.;40;0
01.09.2006;Przedszkole Nr 55;0;8
01.09.2006;Przedszkole Nr 55;0;1
30.08.2006;Gimnazjum Nr 13 im.Unii Europejskiej;0;3
23.08.2006;CONTRANS TI Sp z o.o.;0;4
22.08.2006;SABEL BIURO WDRO�ENIOWO-PROJEKTOWE ;0;5
14.08.2006;Gimnazjum Nr 15;0;1
08.08.2006;"Spo�em Sp�dzielnia Hurtowo-Detaliczna ""T�cza""";0;9
07.08.2006;PLUS-DISCOUNT Sp. z o.o.;0;1
02.08.2006;PM Group Polska Sp. z o.o.;0;2
31.07.2006;Top Design Sp�ka z o.o.;160;0
25.07.2006;Aleksandra Soko�owska-Stasi�ska;0;8
25.07.2006;KAUFLAND POLSKA MARKETY Sp. z o.o. Sp.k.;0;1
25.07.2006;KAUFLAND POLSKA MARKETY Sp. z o.o. Sp.k.;0;1
19.07.2006;O�rodek Techniki J�drowej POLON;0;4
19.07.2006;O�rodek Techniki J�drowej POLON;0;15
17.07.2006;"Hotel WKS ""�L�SK""";0;7
05.07.2006;Top Design Sp�ka z o.o.;80;0
03.07.2006;RS-Restaurant Service Sp. z o.o.;0;3
23.06.2006;Wroc�awskie Przedsi�biorstwo Hala Ludowa Sp. z ;0;12
23.06.2006;SCHENKER Sp. z o.o. w Warszawie Oddzia� Wroc�aw;0;3
23.06.2006;UNI-GASTRO Barbara Pu�;0;1
20.06.2006;KACZMARSKI INKASO;0;4
20.06.2006;Aleksandra Soko�owska-Stasi�ska;0;7
12.06.2006;Przedsi�biorstwo Geologiczne we Wroc�awiu PROXIMA ;0;5
12.06.2006;Urz�d Miasta i Gminy �migr�d, Szko�a podstawowa w ;0;10
02.06.2006;PM Gastronomia s.c.;0;2
01.06.2006;Y.A.R.D. SP. Z O.O.;0;5
24.05.2006;"Agencja Celna i Spedycyjno-Transportowa ""ODRA-TRAN";0;6
23.05.2006;Szko�a Podstawowa Nr 84 im.Ruchu Obro�c�w Pokoju;0;2
23.05.2006;Krajowe Centrum Wierzytelno�ci ULTIMO;0;2
16.05.2006;SCHENKER Sp. z o.o. w Warszawie Oddzia� Wroc�aw;0;9
28.04.2006;Zesp� Szk� Nr 18;0;16
26.04.2006;Top Design Sp�ka z o.o.;120;0
25.04.2006;"Szpital Specja;istyczny im. A.Falkiewicza";0;1
25.04.2006;Sportowa Szko�a Podstawowa Nr 46 im.Polskich Olimp;0;4
12.04.2006;Gmina Miejska O�awa;0;8
10.04.2006;ATENA Sp. z o.o.;0;1
05.04.2006;KAUFLAND POLSKA MARKETY Sp. z o.o. Sp.k.;0;4
21.03.2006;Przedsi�biorstwo Budowlane INTER-SYSTEM Sp. z o.o.;0;1
16.03.2006;TOP-DESIGN CHWASZCZYNO;80;0
16.03.2006;KAUFLAND POLSKA MARKETY Sp. z o.o. Sp.k.;0;1
10.03.2006;KAUFLAND POLSKA MARKETY Sp. z o.o. Sp.k.;0;1
08.03.2006;Dobra Ziemia Sp. z o.o.;0;2
07.03.2006;Fundacja PRZYJAZNY DOM im.Stanis�awa Jab�onki;0;8
24.02.2006;Cargill (Polska) Sp. z o.o. Oddzia� Bielany ;0;5
21.02.2006;KAUFLAND POLSKA MARKETY Sp. z o.o. Sp.k.;0;1
20.02.2006;TOP-DESIGN CHWASZCZYNO;50;0
15.02.2006;Gimnazjum Nr 13 im.Unii Europejskiej;0;1
13.02.2006;Dolno�l�skie Przedsi�biorstwo Handlowo-Us�ugowe ;0;3
09.02.2006;Wsp�lnota Mieszkaniowa;0;1
06.02.2006;KAUFLAND POLSKA MARKETY Sp. z o.o. Sp.k.;0;3
02.02.2006;GS Systemy Budowlane Sp. z o.o.;0;1
26.01.2006;TOYA S.A.;0;28
23.01.2006;Unitruck Sp. z o.o. Oddzia� Wroc�aw;0;1
11.01.2006;TOP-DESIGN CHWASZCZYNO;40;0
09.01.2006;KAUFLAND POLSKA MARKETY Sp. z o.o. Sp.k.;0;1
09.01.2006;EKO-ALMA serwis Sp.j. J.Leszczy�ski Z.Zieleniewski;0;2
06.01.2006;TOP-DESIGN CHWASZCZYNO;40;0
04.01.2006;PASSAT-Pawe� Pietrzyk;0;12